,Price,Adj Close,Close,High,Low,Open,Volume
2,2022-01-03 00:00:00+00:00,13.356599807739258,13.356599807739258,13.879300117492676,12.80720043182373,13.34570026397705,0
3,2022-01-04 00:00:00+00:00,13.061699867248535,13.061699867248535,13.583000183105469,12.960000038146973,13.0600004196167,0
4,2022-01-05 00:00:00+00:00,13.411499977111816,13.411499977111816,13.633899688720703,13.267339706420898,13.418899536132812,0
5,2022-01-06 00:00:00+00:00,13.687999725341797,13.687999725341797,13.870800018310547,13.465499877929688,13.681400299072266,0
6,2022-01-07 00:00:00+00:00,13.782099723815918,13.782099723815918,13.916299819946289,13.704620361328125,13.803999900817871,0
7,2022-01-10 00:00:00+00:00,13.749349594116211,13.749349594116211,13.925040245056152,13.65149974822998,13.751009941101074,0
8,2022-01-11 00:00:00+00:00,13.809000015258789,13.809000015258789,13.8685302734375,13.700499534606934,13.808899879455566,0
9,2022-01-12 00:00:00+00:00,13.760499954223633,13.760499954223633,13.845890045166016,13.204999923706055,13.763199806213379,0
10,2022-01-13 00:00:00+00:00,13.243399620056152,13.243399620056152,13.657699584960938,13.149200439453125,13.239700317382812,0
11,2022-01-14 00:00:00+00:00,13.5826997756958,13.5826997756958,13.626999855041504,13.44379997253418,13.499360084533691,0
12,2022-01-17 00:00:00+00:00,13.43317985534668,13.43317985534668,13.619099617004395,13.352729797363281,13.43317985534668,0
13,2022-01-18 00:00:00+00:00,13.450599670410156,13.450599670410156,13.642999649047852,13.410420417785645,13.453100204467773,0
14,2022-01-19 00:00:00+00:00,13.527700424194336,13.527700424194336,13.624810218811035,13.339340209960938,13.50547981262207,0
15,2022-01-20 00:00:00+00:00,13.423600196838379,13.423600196838379,13.535400390625,13.255430221557617,13.372759819030762,0
16,2022-01-21 00:00:00+00:00,13.354999542236328,13.354999542236328,13.459699630737305,13.306750297546387,13.365599632263184,0
17,2022-01-24 00:00:00+00:00,13.434650421142578,13.434650421142578,13.538599967956543,13.337920188903809,13.4343900680542,0
18,2022-01-25 00:00:00+00:00,13.434760093688965,13.434760093688965,13.568449974060059,13.4239501953125,13.456339836120605,0
19,2022-01-26 00:00:00+00:00,13.476900100708008,13.476900100708008,13.613100051879883,13.443679809570312,13.496100425720215,0
20,2022-01-27 00:00:00+00:00,13.577099800109863,13.577099800109863,13.660590171813965,13.538249969482422,13.577500343322754,0
21,2022-01-28 00:00:00+00:00,13.617600440979004,13.617600440979004,13.659250259399414,13.476579666137695,13.610899925231934,0
22,2022-01-31 00:00:00+00:00,13.482049942016602,13.482049942016602,13.5693998336792,13.289990425109863,13.482049942016602,0
23,2022-02-01 00:00:00+00:00,13.29580020904541,13.29580020904541,13.461700439453125,13.271880149841309,13.29800033569336,0
24,2022-02-02 00:00:00+00:00,13.350179672241211,13.350179672241211,13.572750091552734,13.333359718322754,13.399100303649902,0
25,2022-02-03 00:00:00+00:00,13.46560001373291,13.46560001373291,13.614899635314941,13.443380355834961,13.46049976348877,0
26,2022-02-04 00:00:00+00:00,13.566200256347656,13.566200256347656,13.595999717712402,13.507840156555176,13.563400268554688,0
27,2022-02-07 00:00:00+00:00,13.556659698486328,13.556659698486328,13.603090286254883,13.542499542236328,13.55443000793457,0
28,2022-02-08 00:00:00+00:00,13.570369720458984,13.570369720458984,13.65958023071289,13.536479949951172,13.583849906921387,0
29,2022-02-09 00:00:00+00:00,13.577210426330566,13.577210426330566,13.607259750366211,13.53363037109375,13.577110290527344,0
30,2022-02-10 00:00:00+00:00,13.539199829101562,13.539199829101562,13.57289981842041,13.466899871826172,13.552300453186035,0
31,2022-02-11 00:00:00+00:00,13.496100425720215,13.496100425720215,13.561039924621582,13.44159984588623,13.491900444030762,0
32,2022-02-14 00:00:00+00:00,13.505419731140137,13.505419731140137,13.611459732055664,13.48740005493164,13.50529956817627,0
33,2022-02-15 00:00:00+00:00,13.590800285339355,13.590800285339355,13.675379753112793,13.568499565124512,13.59529972076416,0
34,2022-02-16 00:00:00+00:00,13.60319995880127,13.60319995880127,13.643839836120605,13.587900161743164,13.602499961853027,0
35,2022-02-17 00:00:00+00:00,13.59570026397705,13.59570026397705,13.632479667663574,13.563799858093262,13.59529972076416,0
36,2022-02-18 00:00:00+00:00,13.522600173950195,13.522600173950195,13.660099983215332,13.509519577026367,13.526100158691406,0
37,2022-02-21 00:00:00+00:00,13.60807991027832,13.60807991027832,13.657600402832031,13.578100204467773,13.608799934387207,0
38,2022-02-22 00:00:00+00:00,13.67549991607666,13.67549991607666,13.899430274963379,13.639399528503418,13.659099578857422,0
39,2022-02-23 00:00:00+00:00,13.762280464172363,13.762280464172363,13.868499755859375,13.704299926757812,13.774880409240723,0
40,2022-02-24 00:00:00+00:00,13.820500373840332,13.820500373840332,14.619999885559082,13.769539833068848,13.804340362548828,0
41,2022-02-25 00:00:00+00:00,14.053000450134277,14.053000450134277,14.118599891662598,13.734959602355957,14.053000450134277,0
42,2022-02-28 00:00:00+00:00,14.028840065002441,14.028840065002441,14.096400260925293,13.727179527282715,14.048979759216309,0
43,2022-03-01 00:00:00+00:00,13.791000366210938,13.791000366210938,13.964200019836426,13.744959831237793,13.774660110473633,0
44,2022-03-02 00:00:00+00:00,13.835200309753418,13.835200309753418,14.129850387573242,13.78853988647461,13.835639953613281,0
45,2022-03-03 00:00:00+00:00,13.982999801635742,13.982999801635742,14.150320053100586,13.968079566955566,13.990500450134277,0
46,2022-03-04 00:00:00+00:00,14.113499641418457,14.113499641418457,14.264989852905273,14.082989692687988,14.10770034790039,0
47,2022-03-07 00:00:00+00:00,14.239629745483398,14.239629745483398,14.4197998046875,14.222559928894043,14.240730285644531,0
48,2022-03-08 00:00:00+00:00,14.378999710083008,14.378999710083008,14.579299926757812,14.36633014678955,14.371700286865234,0
49,2022-03-09 00:00:00+00:00,14.491299629211426,14.491299629211426,14.67510986328125,14.469050407409668,14.509200096130371,0
50,2022-03-10 00:00:00+00:00,14.659099578857422,14.659099578857422,14.919699668884277,14.618339538574219,14.660599708557129,0
51,2022-03-11 00:00:00+00:00,14.838000297546387,14.838000297546387,14.988499641418457,14.642900466918945,14.868000030517578,0
52,2022-03-14 00:00:00+00:00,14.75,14.75,14.891599655151367,14.7081298828125,14.735650062561035,0
53,2022-03-15 00:00:00+00:00,14.774860382080078,14.774860382080078,14.837300300598145,14.526619911193848,14.793499946594238,0
54,2022-03-16 00:00:00+00:00,14.700799942016602,14.700799942016602,14.750200271606445,14.619999885559082,14.702119827270508,0
55,2022-03-17 00:00:00+00:00,14.557979583740234,14.557979583740234,14.79878044128418,14.551779747009277,14.593000411987305,0
56,2022-03-18 00:00:00+00:00,14.703310012817383,14.703310012817383,14.819379806518555,14.70009994506836,14.713199615478516,0
57,2022-03-21 00:00:00+00:00,14.806859970092773,14.806859970092773,14.8506498336792,14.774109840393066,14.808420181274414,0
58,2022-03-22 00:00:00+00:00,14.82174015045166,14.82174015045166,14.8503999710083,14.800800323486328,14.822199821472168,0
59,2022-03-23 00:00:00+00:00,14.818300247192383,14.818300247192383,14.85282039642334,14.775639533996582,14.820799827575684,0
60,2022-03-24 00:00:00+00:00,14.826700210571289,14.826700210571289,14.86594009399414,14.806870460510254,14.830900192260742,0
61,2022-03-25 00:00:00+00:00,14.836000442504883,14.836000442504883,14.851570129394531,14.809399604797363,14.834699630737305,0
62,2022-03-28 00:00:00+00:00,14.82759952545166,14.82759952545166,14.849260330200195,14.813699722290039,14.82759952545166,0
63,2022-03-29 00:00:00+00:00,14.821399688720703,14.821399688720703,14.839750289916992,14.453740119934082,14.821399688720703,0
64,2022-03-30 00:00:00+00:00,14.569250106811523,14.569250106811523,14.681679725646973,14.591449737548828,14.569250106811523,0
65,2022-03-31 00:00:00+00:00,14.651009559631348,14.651009559631348,14.685330390930176,14.616800308227539,14.651009559631348,0
66,2022-04-01 00:00:00+00:00,14.666199684143066,14.666199684143066,14.695500373840332,14.649279594421387,14.666199684143066,0
67,2022-04-04 00:00:00+00:00,14.674039840698242,14.674039840698242,14.71444034576416,14.674839973449707,14.674039840698242,0
68,2022-04-05 00:00:00+00:00,14.691499710083008,14.691499710083008,14.727919578552246,14.674779891967773,14.691499710083008,0
69,2022-04-06 00:00:00+00:00,14.717900276184082,14.717900276184082,14.744540214538574,14.69849967956543,14.717900276184082,0
70,2022-04-07 00:00:00+00:00,14.699589729309082,14.699589729309082,14.761679649353027,14.697500228881836,14.699589729309082,0
71,2022-04-08 00:00:00+00:00,14.753700256347656,14.753700256347656,14.758219718933105,14.727339744567871,14.753700256347656,0
72,2022-04-11 00:00:00+00:00,14.74020004272461,14.74020004272461,14.74940013885498,14.627440452575684,14.74020004272461,0
73,2022-04-12 00:00:00+00:00,14.664600372314453,14.664600372314453,14.69044017791748,14.550060272216797,14.664600372314453,0
74,2022-04-13 00:00:00+00:00,14.581500053405762,14.581500053405762,14.60198974609375,14.562359809875488,14.581500053405762,0
75,2022-04-14 00:00:00+00:00,14.59060001373291,14.59060001373291,14.628999710083008,14.580300331115723,14.59060001373291,0
76,2022-04-15 00:00:00+00:00,14.622699737548828,14.622699737548828,14.66100025177002,14.579019546508789,14.622699737548828,0
77,2022-04-18 00:00:00+00:00,14.621800422668457,14.621800422668457,14.649279594421387,14.60830020904541,14.621800422668457,0
78,2022-04-19 00:00:00+00:00,14.640899658203125,14.640899658203125,14.667969703674316,14.637700080871582,14.640899658203125,0
79,2022-04-20 00:00:00+00:00,14.652000427246094,14.652000427246094,14.676420211791992,14.630000114440918,14.652000427246094,0
80,2022-04-21 00:00:00+00:00,14.666799545288086,14.666799545288086,14.704000473022461,14.656800270080566,14.666799545288086,0
81,2022-04-22 00:00:00+00:00,14.70398998260498,14.70398998260498,14.753999710083008,14.69909954071045,14.70398998260498,0
82,2022-04-25 00:00:00+00:00,14.747099876403809,14.747099876403809,14.776820182800293,14.721650123596191,14.747099876403809,0
83,2022-04-26 00:00:00+00:00,14.771900177001953,14.771900177001953,14.805520057678223,14.768500328063965,14.771900177001953,0
84,2022-04-27 00:00:00+00:00,14.799699783325195,14.799699783325195,14.832119941711426,14.787650108337402,14.799699783325195,0
85,2022-04-28 00:00:00+00:00,14.809800148010254,14.809800148010254,14.82509994506836,14.736029624938965,14.809800148010254,0
86,2022-04-29 00:00:00+00:00,14.78888988494873,14.78888988494873,14.861300468444824,14.746500015258789,14.78888988494873,0
87,2022-05-02 00:00:00+00:00,14.854900360107422,14.854900360107422,14.899330139160156,14.853699684143066,14.854900360107422,0
88,2022-05-03 00:00:00+00:00,14.886699676513672,14.886699676513672,14.904800415039062,14.785460472106934,14.886699676513672,0
89,2022-05-04 00:00:00+00:00,14.80679988861084,14.80679988861084,14.841779708862305,14.758589744567871,14.80679988861084,0
90,2022-05-05 00:00:00+00:00,14.739700317382812,14.739700317382812,14.8681001663208,14.707480430603027,14.739700317382812,0
91,2022-05-06 00:00:00+00:00,14.865079879760742,14.865079879760742,14.95238971710205,14.859869956970215,14.865079879760742,0
92,2022-05-09 00:00:00+00:00,14.940130233764648,14.940130233764648,15.113100051879883,14.915499687194824,14.940130233764648,0
93,2022-05-10 00:00:00+00:00,15.098400115966797,15.098400115966797,15.265000343322754,15.091569900512695,15.098400115966797,0
94,2022-05-11 00:00:00+00:00,15.32544994354248,15.32544994354248,15.372790336608887,15.25409984588623,15.32544994354248,0
95,2022-05-12 00:00:00+00:00,15.285400390625,15.285400390625,15.403289794921875,15.273500442504883,15.285400390625,0
96,2022-05-13 00:00:00+00:00,15.406800270080566,15.406800270080566,15.485719680786133,15.398300170898438,15.406800270080566,0
97,2022-05-16 00:00:00+00:00,15.480199813842773,15.480199813842773,15.658029556274414,15.479499816894531,15.480199813842773,0
98,2022-05-17 00:00:00+00:00,15.600299835205078,15.600299835205078,15.883500099182129,15.562780380249023,15.600299835205078,0
99,2022-05-18 00:00:00+00:00,15.911999702453613,15.911999702453613,15.975290298461914,15.790069580078125,15.911999702453613,0
100,2022-05-19 00:00:00+00:00,15.956299781799316,15.956299781799316,15.97700023651123,15.809800148010254,15.956299781799316,0
101,2022-05-20 00:00:00+00:00,15.902649879455566,15.902649879455566,15.984310150146484,15.816559791564941,15.902649879455566,0
102,2022-05-23 00:00:00+00:00,15.929900169372559,15.929900169372559,15.963600158691406,15.687999725341797,15.929900169372559,0
103,2022-05-24 00:00:00+00:00,15.933099746704102,15.933099746704102,16.15070915222168,15.9205904006958,15.933099746704102,0
104,2022-05-25 00:00:00+00:00,16.09749984741211,16.09749984741211,16.39801025390625,16.019779205322266,16.09749984741211,0
105,2022-05-26 00:00:00+00:00,16.347999572753906,16.347999572753906,16.44860076904297,16.260900497436523,16.347999572753906,0
106,2022-05-27 00:00:00+00:00,16.360700607299805,16.360700607299805,16.39940071105957,16.18000030517578,16.360700607299805,0
107,2022-05-30 00:00:00+00:00,16.334299087524414,16.334299087524414,16.39133071899414,16.2780704498291,16.334299087524414,0
108,2022-05-31 00:00:00+00:00,16.383499145507812,16.383499145507812,16.427059173583984,16.330989837646484,16.383499145507812,0
109,2022-06-01 00:00:00+00:00,16.377729415893555,16.377729415893555,16.454069137573242,16.364259719848633,16.377729415893555,0
110,2022-06-02 00:00:00+00:00,16.443700790405273,16.443700790405273,16.475460052490234,16.383970260620117,16.443700790405273,0
111,2022-06-03 00:00:00+00:00,16.48349952697754,16.48349952697754,16.536029815673828,16.469999313354492,16.48349952697754,0
112,2022-06-06 00:00:00+00:00,16.508699417114258,16.508699417114258,16.597829818725586,16.412599563598633,16.508699417114258,0
113,2022-06-07 00:00:00+00:00,16.594329833984375,16.594329833984375,16.770679473876953,16.594329833984375,16.594329833984375,0
114,2022-06-08 00:00:00+00:00,16.837099075317383,16.837099075317383,17.190500259399414,16.81049919128418,16.837099075317383,0
115,2022-06-09 00:00:00+00:00,17.176990509033203,17.176990509033203,17.256450653076172,17.17020034790039,17.176990509033203,0
116,2022-06-10 00:00:00+00:00,17.239599227905273,17.239599227905273,17.256399154663086,16.902700424194336,17.239599227905273,0
117,2022-06-13 00:00:00+00:00,17.23390007019043,17.23390007019043,17.269500732421875,17.04680061340332,17.23390007019043,0
118,2022-06-14 00:00:00+00:00,17.269100189208984,17.269100189208984,17.28154945373535,17.19529914855957,17.269100189208984,0
119,2022-06-15 00:00:00+00:00,17.251279830932617,17.251279830932617,17.300390243530273,17.216129302978516,17.251279830932617,0
120,2022-06-16 00:00:00+00:00,17.236400604248047,17.236400604248047,17.32098960876465,17.214500427246094,17.236400604248047,0
121,2022-06-17 00:00:00+00:00,17.296600341796875,17.296600341796875,17.327749252319336,17.26165008544922,17.296600341796875,0
122,2022-06-20 00:00:00+00:00,17.33650016784668,17.33650016784668,17.351940155029297,17.276330947875977,17.33650016784668,0
123,2022-06-21 00:00:00+00:00,17.31220054626465,17.31220054626465,17.365999221801758,17.2968807220459,17.31220054626465,0
124,2022-06-22 00:00:00+00:00,17.34600067138672,17.34600067138672,17.35948944091797,17.302860260009766,17.34600067138672,0
125,2022-06-23 00:00:00+00:00,17.342599868774414,17.342599868774414,17.37470054626465,17.311439514160156,17.342599868774414,0
126,2022-06-24 00:00:00+00:00,17.34589958190918,17.34589958190918,17.375999450683594,17.20261001586914,17.34589958190918,0
127,2022-06-27 00:00:00+00:00,16.668899536132812,16.668899536132812,16.73539924621582,16.01474952697754,16.668899536132812,0
128,2022-06-28 00:00:00+00:00,16.563800811767578,16.563800811767578,16.665830612182617,16.476839065551758,16.563800811767578,0
129,2022-06-29 00:00:00+00:00,16.624500274658203,16.624500274658203,16.706270217895508,16.5322208404541,16.624500274658203,0
130,2022-06-30 00:00:00+00:00,16.62820053100586,16.62820053100586,16.70240020751953,16.503280639648438,16.62820053100586,0
131,2022-07-01 00:00:00+00:00,16.6919002532959,16.6919002532959,16.761709213256836,16.67840003967285,16.6919002532959,0
132,2022-07-04 00:00:00+00:00,16.733539581298828,16.733539581298828,16.83492088317871,16.714750289916992,16.733539581298828,0
133,2022-07-05 00:00:00+00:00,16.778430938720703,16.778430938720703,17.049909591674805,16.764299392700195,16.778430938720703,0
134,2022-07-06 00:00:00+00:00,17.001399993896484,17.001399993896484,17.245710372924805,16.923070907592773,17.001399993896484,0
135,2022-07-07 00:00:00+00:00,17.212499618530273,17.212499618530273,17.30150032043457,17.18347930908203,17.212499618530273,0
136,2022-07-08 00:00:00+00:00,17.258899688720703,17.258899688720703,17.322179794311523,17.203990936279297,17.258899688720703,0
137,2022-07-11 00:00:00+00:00,17.2716007232666,17.2716007232666,17.3873291015625,17.179969787597656,17.2716007232666,0
138,2022-07-12 00:00:00+00:00,17.34469985961914,17.34469985961914,17.39550018310547,17.207889556884766,17.34469985961914,0
139,2022-07-13 00:00:00+00:00,17.280500411987305,17.280500411987305,17.453760147094727,17.20680046081543,17.280500411987305,0
140,2022-07-14 00:00:00+00:00,17.41119956970215,17.41119956970215,17.503870010375977,17.361379623413086,17.41119956970215,0
141,2022-07-15 00:00:00+00:00,17.464099884033203,17.464099884033203,17.48883056640625,17.33633041381836,17.464099884033203,0
142,2022-07-18 00:00:00+00:00,17.339599609375,17.339599609375,17.506010055541992,17.121919631958008,17.339599609375,0
143,2022-07-19 00:00:00+00:00,17.461000442504883,17.461000442504883,17.58540916442871,17.43018913269043,17.461000442504883,0
144,2022-07-20 00:00:00+00:00,17.541200637817383,17.541200637817383,17.598600387573242,17.462890625,17.541200637817383,0
145,2022-07-21 00:00:00+00:00,17.594999313354492,17.594999313354492,17.745500564575195,17.559999465942383,17.594999313354492,0
146,2022-07-22 00:00:00+00:00,17.72047996520996,17.72047996520996,17.760530471801758,17.60811996459961,17.72047996520996,0
147,2022-07-25 00:00:00+00:00,17.757299423217773,17.757299423217773,17.84709930419922,17.73699951171875,17.757299423217773,0
148,2022-07-26 00:00:00+00:00,17.829200744628906,17.829200744628906,17.873929977416992,17.787189483642578,17.829200744628906,0
149,2022-07-27 00:00:00+00:00,17.871999740600586,17.871999740600586,17.93071937561035,17.80253028869629,17.871999740600586,0
150,2022-07-28 00:00:00+00:00,17.867399215698242,17.867399215698242,17.93659019470215,17.834949493408203,17.867399215698242,0
151,2022-07-29 00:00:00+00:00,17.945199966430664,17.945199966430664,17.953500747680664,17.73512077331543,17.945199966430664,0
152,2022-08-01 00:00:00+00:00,17.922500610351562,17.922500610351562,17.951000213623047,17.864009857177734,17.922500610351562,0
153,2022-08-02 00:00:00+00:00,17.89349937438965,17.89349937438965,17.955459594726562,17.85165023803711,17.89349937438965,0
154,2022-08-03 00:00:00+00:00,17.943099975585938,17.943099975585938,17.994829177856445,17.923980712890625,17.943099975585938,0
155,2022-08-04 00:00:00+00:00,17.930700302124023,17.930700302124023,17.96954917907715,17.901689529418945,17.930700302124023,0
156,2022-08-05 00:00:00+00:00,17.941699981689453,17.941699981689453,17.969289779663086,17.918270111083984,17.941699981689453,0
157,2022-08-08 00:00:00+00:00,17.9237003326416,17.9237003326416,17.972400665283203,17.902170181274414,17.9237003326416,0
158,2022-08-09 00:00:00+00:00,17.93779945373535,17.93779945373535,17.9649600982666,17.762500762939453,17.93779945373535,0
159,2022-08-10 00:00:00+00:00,17.923999786376953,17.923999786376953,17.96295928955078,17.818300247192383,17.923999786376953,0
160,2022-08-11 00:00:00+00:00,17.870100021362305,17.870100021362305,17.96346092224121,17.80055046081543,17.870100021362305,0
161,2022-08-12 00:00:00+00:00,17.949100494384766,17.949100494384766,17.96299934387207,17.92765998840332,17.949100494384766,0
162,2022-08-15 00:00:00+00:00,17.940000534057617,17.940000534057617,17.964689254760742,17.915639877319336,17.940000534057617,0
163,2022-08-16 00:00:00+00:00,17.951860427856445,17.951860427856445,17.96619987487793,17.91790008544922,17.951860427856445,0
164,2022-08-17 00:00:00+00:00,17.90625,17.90625,17.964759826660156,17.90328025817871,17.90625,0
165,2022-08-18 00:00:00+00:00,17.944000244140625,17.944000244140625,18.110830307006836,17.93412971496582,17.944000244140625,0
166,2022-08-19 00:00:00+00:00,18.07670021057129,18.07670021057129,18.11479949951172,18.038930892944336,18.07670021057129,0
167,2022-08-22 00:00:00+00:00,18.087799072265625,18.087799072265625,18.123109817504883,18.059560775756836,18.087799072265625,0
168,2022-08-23 00:00:00+00:00,18.090999603271484,18.090999603271484,18.127500534057617,18.045499801635742,18.090999603271484,0
169,2022-08-24 00:00:00+00:00,18.120899200439453,18.120899200439453,18.160999298095703,18.0849609375,18.120899200439453,0
170,2022-08-25 00:00:00+00:00,18.148000717163086,18.148000717163086,18.172330856323242,18.13711929321289,18.148000717163086,0
171,2022-08-26 00:00:00+00:00,18.165800094604492,18.165800094604492,18.185489654541016,18.139619827270508,18.165800094604492,0
172,2022-08-29 00:00:00+00:00,18.167509078979492,18.167509078979492,18.189189910888672,18.141529083251953,18.167509078979492,0
173,2022-08-30 00:00:00+00:00,18.18000030517578,18.18000030517578,18.194499969482422,18.16036033630371,18.18000030517578,0
174,2022-08-31 00:00:00+00:00,18.15026092529297,18.15026092529297,18.223430633544922,18.12700080871582,18.15026092529297,0
175,2022-09-01 00:00:00+00:00,18.189199447631836,18.189199447631836,18.21380043029785,18.158039093017578,18.189199447631836,0
176,2022-09-02 00:00:00+00:00,18.20709991455078,18.20709991455078,18.233049392700195,18.185779571533203,18.20709991455078,0
177,2022-09-05 00:00:00+00:00,18.211029052734375,18.211029052734375,18.225000381469727,18.17037010192871,18.211029052734375,0
178,2022-09-06 00:00:00+00:00,18.214149475097656,18.214149475097656,18.22808074951172,18.188480377197266,18.214149475097656,0
179,2022-09-07 00:00:00+00:00,18.22620964050293,18.22620964050293,18.24551010131836,18.2072696685791,18.22620964050293,0
180,2022-09-08 00:00:00+00:00,18.221200942993164,18.221200942993164,18.239500045776367,18.215009689331055,18.221200942993164,0
181,2022-09-09 00:00:00+00:00,18.23870086669922,18.23870086669922,18.243999481201172,18.20490074157715,18.23870086669922,0
182,2022-09-12 00:00:00+00:00,18.221399307250977,18.221399307250977,18.245500564575195,18.198949813842773,18.221399307250977,0
183,2022-09-13 00:00:00+00:00,18.22249984741211,18.22249984741211,18.25550079345703,18.208900451660156,18.22249984741211,0
184,2022-09-14 00:00:00+00:00,18.246400833129883,18.246400833129883,18.25749969482422,18.2268009185791,18.246400833129883,0
185,2022-09-15 00:00:00+00:00,18.22907066345215,18.22907066345215,18.266950607299805,18.226490020751953,18.22907066345215,0
186,2022-09-16 00:00:00+00:00,18.27322006225586,18.27322006225586,18.287080764770508,18.236549377441406,18.27322006225586,0
187,2022-09-19 00:00:00+00:00,18.25429916381836,18.25429916381836,18.29840087890625,18.24329948425293,18.25429916381836,0
188,2022-09-20 00:00:00+00:00,18.29290008544922,18.29290008544922,18.311729431152344,18.284500122070312,18.29290008544922,0
189,2022-09-21 00:00:00+00:00,18.310720443725586,18.310720443725586,18.332080841064453,18.297800064086914,18.310720443725586,0
190,2022-09-22 00:00:00+00:00,18.315000534057617,18.315000534057617,18.398799896240234,18.31468963623047,18.315000534057617,0
191,2022-09-23 00:00:00+00:00,18.33799934387207,18.33799934387207,18.417329788208008,18.3164005279541,18.33799934387207,0
192,2022-09-26 00:00:00+00:00,18.4325008392334,18.4325008392334,18.461360931396484,18.391399383544922,18.4325008392334,0
193,2022-09-27 00:00:00+00:00,18.449499130249023,18.449499130249023,18.487680435180664,18.42391014099121,18.449499130249023,0
194,2022-09-28 00:00:00+00:00,18.442899703979492,18.442899703979492,18.540000915527344,18.363609313964844,18.442899703979492,0
195,2022-09-29 00:00:00+00:00,18.523300170898438,18.523300170898438,18.547199249267578,18.41990089416504,18.523300170898438,0
196,2022-09-30 00:00:00+00:00,18.497499465942383,18.497499465942383,18.552509307861328,18.458919525146484,18.497499465942383,0
197,2022-10-03 00:00:00+00:00,18.516199111938477,18.516199111938477,18.567489624023438,18.428030014038086,18.516199111938477,0
198,2022-10-04 00:00:00+00:00,18.523700714111328,18.523700714111328,18.585779190063477,18.427770614624023,18.523700714111328,0
199,2022-10-05 00:00:00+00:00,18.569700241088867,18.569700241088867,18.62649917602539,18.515050888061523,18.569700241088867,0
200,2022-10-06 00:00:00+00:00,18.54833984375,18.54833984375,18.585750579833984,18.538799285888672,18.54833984375,0
201,2022-10-07 00:00:00+00:00,18.575300216674805,18.575300216674805,18.58810043334961,18.548240661621094,18.575300216674805,0
202,2022-10-10 00:00:00+00:00,18.577999114990234,18.577999114990234,18.624500274658203,18.482580184936523,18.577999114990234,0
203,2022-10-11 00:00:00+00:00,18.583099365234375,18.583099365234375,18.652999877929688,18.56369972229004,18.583099365234375,0
204,2022-10-12 00:00:00+00:00,18.5841007232666,18.5841007232666,18.595199584960938,18.49905014038086,18.5841007232666,0
205,2022-10-13 00:00:00+00:00,18.509899139404297,18.509899139404297,18.590099334716797,18.462020874023438,18.509899139404297,0
206,2022-10-14 00:00:00+00:00,18.552900314331055,18.552900314331055,18.593000411987305,18.52923011779785,18.552900314331055,0
207,2022-10-17 00:00:00+00:00,18.58690071105957,18.58690071105957,18.589879989624023,18.546979904174805,18.58690071105957,0
208,2022-10-18 00:00:00+00:00,18.54891014099121,18.54891014099121,18.5916690826416,18.536439895629883,18.54891014099121,0
209,2022-10-19 00:00:00+00:00,18.57990074157715,18.57990074157715,18.593000411987305,18.568750381469727,18.57990074157715,0
210,2022-10-20 00:00:00+00:00,18.59309959411621,18.59309959411621,18.599000930786133,18.54850959777832,18.59309959411621,0
211,2022-10-21 00:00:00+00:00,18.5856990814209,18.5856990814209,18.602230072021484,18.561059951782227,18.5856990814209,0
212,2022-10-24 00:00:00+00:00,18.554330825805664,18.554330825805664,18.625999450683594,18.506620407104492,18.554330825805664,0
213,2022-10-25 00:00:00+00:00,18.59079933166504,18.59079933166504,18.613059997558594,18.472320556640625,18.59079933166504,0
214,2022-10-26 00:00:00+00:00,18.606800079345703,18.606800079345703,18.611120223999023,18.50119972229004,18.606800079345703,0
215,2022-10-27 00:00:00+00:00,18.59040069580078,18.59040069580078,18.643699645996094,18.50942039489746,18.59040069580078,0
216,2022-10-28 00:00:00+00:00,18.60890007019043,18.60890007019043,18.62929916381836,18.549739837646484,18.60890007019043,0
217,2022-10-31 00:00:00+00:00,18.572969436645508,18.572969436645508,18.63920021057129,18.558719635009766,18.572969436645508,0
218,2022-11-01 00:00:00+00:00,18.616670608520508,18.616670608520508,18.631500244140625,18.582590103149414,18.616670608520508,0
219,2022-11-02 00:00:00+00:00,18.604299545288086,18.604299545288086,18.63170051574707,18.53152084350586,18.604299545288086,0
220,2022-11-03 00:00:00+00:00,18.614999771118164,18.614999771118164,18.638599395751953,18.600570678710938,18.614999771118164,0
221,2022-11-04 00:00:00+00:00,18.60919952392578,18.60919952392578,18.624399185180664,18.58292007446289,18.60919952392578,0
222,2022-11-07 00:00:00+00:00,18.60007095336914,18.60007095336914,18.6112003326416,18.566240310668945,18.60007095336914,0
223,2022-11-08 00:00:00+00:00,18.444000244140625,18.444000244140625,18.607650756835938,18.44009017944336,18.444000244140625,0
224,2022-11-09 00:00:00+00:00,18.54050064086914,18.54050064086914,18.602989196777344,18.516490936279297,18.54050064086914,0
225,2022-11-10 00:00:00+00:00,18.585039138793945,18.585039138793945,18.609500885009766,18.457120895385742,18.585039138793945,0
226,2022-11-11 00:00:00+00:00,18.482650756835938,18.482650756835938,18.58283042907715,18.46748924255371,18.482650756835938,0
227,2022-11-14 00:00:00+00:00,18.491619110107422,18.491619110107422,18.608190536499023,18.504600524902344,18.491619110107422,0
228,2022-11-15 00:00:00+00:00,18.591100692749023,18.591100692749023,18.624799728393555,18.54800033569336,18.591100692749023,0
229,2022-11-16 00:00:00+00:00,18.60770034790039,18.60770034790039,18.61716079711914,18.575029373168945,18.60770034790039,0
230,2022-11-17 00:00:00+00:00,18.603679656982422,18.603679656982422,18.620309829711914,18.599590301513672,18.603679656982422,0
231,2022-11-18 00:00:00+00:00,18.599199295043945,18.599199295043945,18.620609283447266,18.573110580444336,18.599199295043945,0
232,2022-11-21 00:00:00+00:00,18.610429763793945,18.610429763793945,18.629600524902344,18.56920051574707,18.610429763793945,0
233,2022-11-22 00:00:00+00:00,18.60059928894043,18.60059928894043,18.63949966430664,18.586669921875,18.60059928894043,0
234,2022-11-23 00:00:00+00:00,18.61210060119629,18.61210060119629,18.630769729614258,18.594850540161133,18.61210060119629,0
235,2022-11-24 00:00:00+00:00,18.608999252319336,18.608999252319336,18.631000518798828,18.5964298248291,18.608999252319336,0
236,2022-11-25 00:00:00+00:00,18.626800537109375,18.626800537109375,18.635480880737305,18.59412956237793,18.626800537109375,0
237,2022-11-28 00:00:00+00:00,18.59602928161621,18.59602928161621,18.63327980041504,18.58962059020996,18.59602928161621,0
238,2022-11-29 00:00:00+00:00,18.618499755859375,18.618499755859375,18.650400161743164,18.564939498901367,18.618499755859375,0
239,2022-11-30 00:00:00+00:00,18.63990020751953,18.63990020751953,18.646699905395508,18.58344078063965,18.63990020751953,0
240,2022-12-01 00:00:00+00:00,18.6299991607666,18.6299991607666,18.652759552001953,18.580400466918945,18.6299991607666,0
241,2022-12-02 00:00:00+00:00,18.632600784301758,18.632600784301758,18.639509201049805,18.619409561157227,18.632600784301758,0
242,2022-12-05 00:00:00+00:00,18.630699157714844,18.630699157714844,18.63920021057129,18.615930557250977,18.630699157714844,0
243,2022-12-06 00:00:00+00:00,18.62459945678711,18.62459945678711,18.645000457763672,18.619049072265625,18.62459945678711,0
244,2022-12-07 00:00:00+00:00,18.62660026550293,18.62660026550293,18.64366912841797,18.613969802856445,18.62660026550293,0
245,2022-12-08 00:00:00+00:00,18.62697982788086,18.62697982788086,18.648500442504883,18.618000030517578,18.62697982788086,0
246,2022-12-09 00:00:00+00:00,18.638530731201172,18.638530731201172,18.65019989013672,18.627500534057617,18.638530731201172,0
247,2022-12-12 00:00:00+00:00,18.635610580444336,18.635610580444336,18.64603042602539,18.616270065307617,18.635610580444336,0
248,2022-12-13 00:00:00+00:00,18.617900848388672,18.617900848388672,18.649280548095703,18.49551010131836,18.617900848388672,0
249,2022-12-14 00:00:00+00:00,18.629499435424805,18.629499435424805,18.64920997619629,18.562850952148438,18.629499435424805,0
250,2022-12-15 00:00:00+00:00,18.607770919799805,18.607770919799805,18.651100158691406,18.579179763793945,18.607770919799805,0
251,2022-12-16 00:00:00+00:00,18.64459991455078,18.64459991455078,18.653499603271484,18.619829177856445,18.64459991455078,0
252,2022-12-19 00:00:00+00:00,18.622900009155273,18.622900009155273,18.653860092163086,18.60590934753418,18.622900009155273,0
253,2022-12-20 00:00:00+00:00,18.645200729370117,18.645200729370117,18.66575050354004,18.626699447631836,18.645200729370117,0
254,2022-12-21 00:00:00+00:00,18.636680603027344,18.636680603027344,18.670000076293945,18.625080108642578,18.636680603027344,0
255,2022-12-22 00:00:00+00:00,18.654800415039062,18.654800415039062,18.677099227905273,18.642580032348633,18.654800415039062,0
256,2022-12-23 00:00:00+00:00,18.66963005065918,18.66963005065918,18.687759399414062,18.655000686645508,18.66963005065918,0
257,2022-12-26 00:00:00+00:00,18.623430252075195,18.623430252075195,18.712400436401367,18.57815933227539,18.623430252075195,0
258,2022-12-27 00:00:00+00:00,18.65679931640625,18.65679931640625,18.793500900268555,18.573200225830078,18.65679931640625,0
259,2022-12-28 00:00:00+00:00,18.656999588012695,18.656999588012695,18.734500885009766,18.619369506835938,18.656999588012695,0
260,2022-12-29 00:00:00+00:00,18.69367027282715,18.69367027282715,18.727699279785156,18.691469192504883,18.69367027282715,0
261,2022-12-30 00:00:00+00:00,18.70298957824707,18.70298957824707,18.720760345458984,18.693010330200195,18.70298957824707,0
262,2023-01-02 00:00:00+00:00,18.644729614257812,18.644729614257812,18.731399536132812,18.635990142822266,18.644729614257812,0
263,2023-01-03 00:00:00+00:00,18.74329948425293,18.74329948425293,18.750499725341797,18.687740325927734,18.74329948425293,0
264,2023-01-04 00:00:00+00:00,18.70686912536621,18.70686912536621,18.76799964904785,18.714839935302734,18.70686912536621,0
265,2023-01-05 00:00:00+00:00,18.735950469970703,18.735950469970703,18.772260665893555,18.72665023803711,18.735950469970703,0
266,2023-01-06 00:00:00+00:00,18.766599655151367,18.766599655151367,18.787080764770508,18.66550064086914,18.766599655151367,0
267,2023-01-09 00:00:00+00:00,18.768489837646484,18.768489837646484,18.781999588012695,18.514999389648438,18.768489837646484,0
268,2023-01-10 00:00:00+00:00,18.758499145507812,18.758499145507812,18.77927017211914,18.510000228881836,18.758499145507812,0
269,2023-01-11 00:00:00+00:00,18.754459381103516,18.754459381103516,18.805700302124023,18.75489044189453,18.754459381103516,0
270,2023-01-12 00:00:00+00:00,18.773399353027344,18.773399353027344,18.784000396728516,18.740999221801758,18.773399353027344,0
271,2023-01-13 00:00:00+00:00,18.77869987487793,18.77869987487793,18.79640007019043,18.76922035217285,18.77869987487793,0
272,2023-01-16 00:00:00+00:00,18.783069610595703,18.783069610595703,18.797500610351562,18.764629364013672,18.783069610595703,0
273,2023-01-17 00:00:00+00:00,18.779090881347656,18.779090881347656,18.798999786376953,18.750980377197266,18.779090881347656,0
274,2023-01-18 00:00:00+00:00,18.75263023376465,18.75263023376465,18.79840087890625,18.746490478515625,18.75263023376465,0
275,2023-01-19 00:00:00+00:00,18.763029098510742,18.763029098510742,18.802600860595703,18.748680114746094,18.763029098510742,0
276,2023-01-20 00:00:00+00:00,18.792699813842773,18.792699813842773,18.824600219726562,18.769990921020508,18.792699813842773,0
277,2023-01-23 00:00:00+00:00,18.793350219726562,18.793350219726562,18.832500457763672,18.688669204711914,18.79254913330078,0
278,2023-01-24 00:00:00+00:00,18.719240188598633,18.719240188598633,18.819799423217773,18.669769287109375,18.719240188598633,0
279,2023-01-25 00:00:00+00:00,18.795230865478516,18.795230865478516,18.81879997253418,18.789379119873047,18.795230865478516,0
280,2023-01-26 00:00:00+00:00,18.804000854492188,18.804000854492188,18.81546974182129,18.778789520263672,18.804000854492188,0
281,2023-01-27 00:00:00+00:00,18.81049919128418,18.81049919128418,18.8174991607666,18.794429779052734,18.81049919128418,0
282,2023-01-30 00:00:00+00:00,18.798599243164062,18.798599243164062,18.842599868774414,18.737899780273438,18.798599243164062,0
283,2023-01-31 00:00:00+00:00,18.808000564575195,18.808000564575195,18.81513023376465,18.772809982299805,18.808000564575195,0
284,2023-02-01 00:00:00+00:00,18.804000854492188,18.804000854492188,18.822059631347656,18.799150466918945,18.804000854492188,0
285,2023-02-02 00:00:00+00:00,18.807449340820312,18.807449340820312,18.81995964050293,18.799739837646484,18.807449340820312,0
286,2023-02-03 00:00:00+00:00,18.80525016784668,18.80525016784668,18.830520629882812,18.805370330810547,18.80525016784668,0
287,2023-02-06 00:00:00+00:00,18.825319290161133,18.825319290161133,18.83679962158203,18.81329917907715,18.825319290161133,0
288,2023-02-07 00:00:00+00:00,18.829099655151367,18.829099655151367,18.837200164794922,18.819700241088867,18.829099655151367,0
289,2023-02-08 00:00:00+00:00,18.831600189208984,18.831600189208984,18.839099884033203,18.822219848632812,18.831600189208984,0
290,2023-02-09 00:00:00+00:00,18.832359313964844,18.832359313964844,18.83548927307129,18.820899963378906,18.832359313964844,0
291,2023-02-10 00:00:00+00:00,18.829700469970703,18.829700469970703,18.83824920654297,18.822500228881836,18.829700469970703,0
292,2023-02-13 00:00:00+00:00,18.82975959777832,18.82975959777832,18.845510482788086,18.80756950378418,18.82975959777832,0
293,2023-02-14 00:00:00+00:00,18.837459564208984,18.837459564208984,18.849599838256836,18.828720092773438,18.837459564208984,0
294,2023-02-15 00:00:00+00:00,18.84394073486328,18.84394073486328,18.897850036621094,18.726150512695312,18.84394073486328,0
295,2023-02-16 00:00:00+00:00,18.85038948059082,18.85038948059082,18.857330322265625,18.833049774169922,18.85038948059082,0
296,2023-02-17 00:00:00+00:00,18.854820251464844,18.854820251464844,18.874040603637695,18.83643913269043,18.854820251464844,0
297,2023-02-20 00:00:00+00:00,18.85346031188965,18.85346031188965,18.869670867919922,18.84404945373535,18.85346031188965,0
298,2023-02-21 00:00:00+00:00,18.863500595092773,18.863500595092773,18.873790740966797,18.85357093811035,18.863500595092773,0
299,2023-02-22 00:00:00+00:00,18.862699508666992,18.862699508666992,18.87944984436035,18.779399871826172,18.862699508666992,0
300,2023-02-23 00:00:00+00:00,18.875200271606445,18.875200271606445,18.88129997253418,18.86400032043457,18.875200271606445,0
301,2023-02-24 00:00:00+00:00,18.86302947998047,18.86302947998047,18.88810920715332,18.86421012878418,18.86302947998047,0
302,2023-02-27 00:00:00+00:00,18.882020950317383,18.882020950317383,18.9606990814209,18.846900939941406,18.882020950317383,0
303,2023-02-28 00:00:00+00:00,18.884199142456055,18.884199142456055,18.911100387573242,18.872459411621094,18.884199142456055,0
304,2023-03-01 00:00:00+00:00,18.882400512695312,18.882400512695312,18.88970947265625,18.870460510253906,18.882400512695312,0
305,2023-03-02 00:00:00+00:00,18.883399963378906,18.883399963378906,18.893939971923828,18.877399444580078,18.883399963378906,0
306,2023-03-03 00:00:00+00:00,18.885700225830078,18.885700225830078,18.912200927734375,18.82069969177246,18.885700225830078,0
307,2023-03-06 00:00:00+00:00,18.88681983947754,18.88681983947754,18.908010482788086,18.67906951904297,18.88681983947754,0
308,2023-03-07 00:00:00+00:00,18.869890213012695,18.869890213012695,18.921310424804688,18.79640007019043,18.869890213012695,0
309,2023-03-08 00:00:00+00:00,18.918100357055664,18.918100357055664,18.98900032043457,18.911579132080078,18.918100357055664,0
310,2023-03-09 00:00:00+00:00,18.940799713134766,18.940799713134766,18.95800018310547,18.86240005493164,18.940799713134766,0
311,2023-03-10 00:00:00+00:00,18.951900482177734,18.951900482177734,18.996599197387695,18.516529083251953,18.951900482177734,0
312,2023-03-13 00:00:00+00:00,18.961389541625977,18.961389541625977,18.999300003051758,18.882160186767578,18.961389541625977,0
313,2023-03-14 00:00:00+00:00,18.97100067138672,18.97100067138672,18.980600357055664,18.954999923706055,18.97100067138672,0
314,2023-03-15 00:00:00+00:00,18.974899291992188,18.974899291992188,19.221179962158203,18.90074920654297,18.974899291992188,0
315,2023-03-16 00:00:00+00:00,18.98699951171875,18.98699951171875,19.0120906829834,18.980499267578125,18.98699951171875,0
316,2023-03-17 00:00:00+00:00,19.00200080871582,19.00200080871582,19.01490020751953,18.98699951171875,19.00200080871582,0
317,2023-03-20 00:00:00+00:00,19.00787925720215,19.00787925720215,19.019990921020508,18.997560501098633,19.00787925720215,0
318,2023-03-21 00:00:00+00:00,19.00881004333496,19.00881004333496,19.03074073791504,18.98196029663086,19.00881004333496,0
319,2023-03-22 00:00:00+00:00,19.033199310302734,19.033199310302734,19.047800064086914,19.005029678344727,19.033199310302734,0
320,2023-03-23 00:00:00+00:00,19.043899536132812,19.043899536132812,19.051700592041016,19.027799606323242,19.043899536132812,0
321,2023-03-24 00:00:00+00:00,19.057199478149414,19.057199478149414,19.244600296020508,19.035419464111328,19.057199478149414,0
322,2023-03-27 00:00:00+00:00,19.0802001953125,19.0802001953125,19.095169067382812,18.993999481201172,19.0802001953125,0
323,2023-03-28 00:00:00+00:00,19.092580795288086,19.092580795288086,19.116600036621094,19.081890106201172,19.092580795288086,0
324,2023-03-29 00:00:00+00:00,19.12070083618164,19.12070083618164,19.167320251464844,19.07486915588379,19.12070083618164,0
325,2023-03-30 00:00:00+00:00,19.14689064025879,19.14689064025879,19.17799949645996,19.143999099731445,19.14689064025879,0
326,2023-03-31 00:00:00+00:00,19.17569923400879,19.17569923400879,19.209999084472656,19.149179458618164,19.17569923400879,0
327,2023-04-03 00:00:00+00:00,19.193479537963867,19.193479537963867,19.204200744628906,19.18191909790039,19.193479537963867,0
328,2023-04-04 00:00:00+00:00,19.20479965209961,19.20479965209961,19.232389450073242,19.193479537963867,19.20479965209961,0
329,2023-04-05 00:00:00+00:00,19.216999053955078,19.216999053955078,19.259000778198242,19.212839126586914,19.216999053955078,0
330,2023-04-06 00:00:00+00:00,19.250099182128906,19.250099182128906,19.267160415649414,19.242300033569336,19.250099182128906,0
331,2023-04-07 00:00:00+00:00,19.250699996948242,19.250699996948242,19.275400161743164,19.21356964111328,19.250699996948242,0
332,2023-04-10 00:00:00+00:00,19.245399475097656,19.245399475097656,19.284730911254883,19.238109588623047,19.245399475097656,0
333,2023-04-11 00:00:00+00:00,19.265300750732422,19.265300750732422,19.293010711669922,19.261499404907227,19.265300750732422,0
334,2023-04-12 00:00:00+00:00,19.291040420532227,19.291040420532227,19.32012939453125,19.288999557495117,19.291040420532227,0
335,2023-04-13 00:00:00+00:00,19.308759689331055,19.308759689331055,19.339500427246094,19.287229537963867,19.308759689331055,0
336,2023-04-14 00:00:00+00:00,19.335100173950195,19.335100173950195,19.391260147094727,19.320899963378906,19.335100173950195,0
337,2023-04-17 00:00:00+00:00,19.378299713134766,19.378299713134766,19.41550064086914,19.277799606323242,19.378299713134766,0
338,2023-04-18 00:00:00+00:00,19.385299682617188,19.385299682617188,19.425500869750977,19.382299423217773,19.385299682617188,0
339,2023-04-19 00:00:00+00:00,19.399599075317383,19.399599075317383,19.431900024414062,19.384429931640625,19.399599075317383,0
340,2023-04-20 00:00:00+00:00,19.3981990814209,19.3981990814209,19.410249710083008,19.388870239257812,19.3981990814209,0
341,2023-04-21 00:00:00+00:00,19.404260635375977,19.404260635375977,19.40583038330078,19.393400192260742,19.404260635375977,0
342,2023-04-24 00:00:00+00:00,19.405170440673828,19.405170440673828,19.41114044189453,19.39349937438965,19.405170440673828,0
343,2023-04-25 00:00:00+00:00,19.402700424194336,19.402700424194336,19.428499221801758,19.399099349975586,19.402700424194336,0
344,2023-04-26 00:00:00+00:00,19.41783905029297,19.41783905029297,19.43090057373047,19.410980224609375,19.41783905029297,0
345,2023-04-27 00:00:00+00:00,19.423099517822266,19.423099517822266,19.443700790405273,19.418319702148438,19.423099517822266,0
346,2023-04-28 00:00:00+00:00,19.43549919128418,19.43549919128418,19.457000732421875,19.425500869750977,19.43549919128418,0
347,2023-05-01 00:00:00+00:00,19.449499130249023,19.449499130249023,19.459590911865234,19.438430786132812,19.449499130249023,0
348,2023-05-02 00:00:00+00:00,19.452049255371094,19.452049255371094,19.472400665283203,19.451839447021484,19.452049255371094,0
349,2023-05-03 00:00:00+00:00,19.473539352416992,19.473539352416992,19.486900329589844,19.45599937438965,19.473539352416992,0
350,2023-05-04 00:00:00+00:00,19.474889755249023,19.474889755249023,19.492630004882812,19.472400665283203,19.474889755249023,0
351,2023-05-05 00:00:00+00:00,19.487199783325195,19.487199783325195,19.5045108795166,19.470609664916992,19.487199783325195,0
352,2023-05-08 00:00:00+00:00,19.499000549316406,19.499000549316406,19.546899795532227,19.49489974975586,19.499000549316406,0
353,2023-05-09 00:00:00+00:00,19.50189971923828,19.50189971923828,19.526100158691406,19.50040054321289,19.50189971923828,0
354,2023-05-10 00:00:00+00:00,19.520000457763672,19.520000457763672,19.558269500732422,19.514400482177734,19.520000457763672,0
355,2023-05-11 00:00:00+00:00,19.53969955444336,19.53969955444336,19.585800170898438,19.523380279541016,19.53969955444336,0
356,2023-05-12 00:00:00+00:00,19.565799713134766,19.565799713134766,19.658899307250977,19.502300262451172,19.565799713134766,0
357,2023-05-15 00:00:00+00:00,19.628000259399414,19.628000259399414,19.674949645996094,19.367000579833984,19.628000259399414,0
358,2023-05-16 00:00:00+00:00,19.67970085144043,19.67970085144043,19.733049392700195,19.669729232788086,19.67970085144043,0
359,2023-05-17 00:00:00+00:00,19.731300354003906,19.731300354003906,19.760679244995117,19.72934913635254,19.731300354003906,0
360,2023-05-18 00:00:00+00:00,19.764400482177734,19.764400482177734,19.803499221801758,19.70347023010254,19.764400482177734,0
361,2023-05-19 00:00:00+00:00,19.806859970092773,19.806859970092773,19.81909942626953,19.716999053955078,19.806859970092773,0
362,2023-05-22 00:00:00+00:00,19.815900802612305,19.815900802612305,19.8581600189209,19.763999938964844,19.815900802612305,0
363,2023-05-23 00:00:00+00:00,19.84454917907715,19.84454917907715,20.266000747680664,19.795209884643555,19.84454917907715,0
364,2023-05-24 00:00:00+00:00,19.863929748535156,19.863929748535156,19.894580841064453,19.856689453125,19.863929748535156,0
365,2023-05-25 00:00:00+00:00,19.907100677490234,19.907100677490234,19.93383026123047,19.893930435180664,19.907100677490234,0
366,2023-05-26 00:00:00+00:00,19.97439956665039,19.97439956665039,20.10260009765625,19.922740936279297,19.97439956665039,0
367,2023-05-29 00:00:00+00:00,19.989200592041016,19.989200592041016,20.098899841308594,19.938079833984375,19.989200592041016,0
368,2023-05-30 00:00:00+00:00,20.1270809173584,20.1270809173584,20.419599533081055,20.117570877075195,20.1270809173584,0
369,2023-05-31 00:00:00+00:00,20.611600875854492,20.611600875854492,20.81599998474121,20.49563980102539,20.611600875854492,0
370,2023-06-01 00:00:00+00:00,20.786399841308594,20.786399841308594,20.81089973449707,20.737890243530273,20.786399841308594,0
371,2023-06-02 00:00:00+00:00,20.890199661254883,20.890199661254883,20.91990089416504,20.81675910949707,20.890199661254883,0
372,2023-06-05 00:00:00+00:00,21.080299377441406,21.080299377441406,21.261899948120117,21.034130096435547,21.080299377441406,0
373,2023-06-06 00:00:00+00:00,21.269500732421875,21.269500732421875,21.52083969116211,21.237390518188477,21.269500732421875,0
374,2023-06-07 00:00:00+00:00,21.93440055847168,21.93440055847168,23.196199417114258,21.890369415283203,21.93440055847168,0
375,2023-06-08 00:00:00+00:00,23.295530319213867,23.295530319213867,23.396900177001953,23.16250991821289,23.295530319213867,0
376,2023-06-09 00:00:00+00:00,23.498699188232422,23.498699188232422,23.536800384521484,23.234439849853516,23.498699188232422,0
377,2023-06-12 00:00:00+00:00,23.645999908447266,23.645999908447266,23.658130645751953,23.406810760498047,23.645999908447266,0
378,2023-06-13 00:00:00+00:00,23.66010093688965,23.66010093688965,23.766199111938477,23.36549949645996,23.66010093688965,0
379,2023-06-14 00:00:00+00:00,23.638500213623047,23.638500213623047,23.68199920654297,23.534900665283203,23.638500213623047,0
380,2023-06-15 00:00:00+00:00,23.568500518798828,23.568500518798828,23.67584991455078,23.5109806060791,23.568500518798828,0
381,2023-06-16 00:00:00+00:00,23.650800704956055,23.650800704956055,23.67626953125,23.206069946289062,23.650800704956055,0
382,2023-06-19 00:00:00+00:00,23.548500061035156,23.548500061035156,23.67462921142578,23.52737045288086,23.548500061035156,0
383,2023-06-20 00:00:00+00:00,23.601499557495117,23.601499557495117,23.64826011657715,23.257360458374023,23.601499557495117,0
384,2023-06-21 00:00:00+00:00,23.572099685668945,23.572099685668945,23.62339973449707,23.534000396728516,23.572099685668945,0
385,2023-06-22 00:00:00+00:00,23.554800033569336,23.554800033569336,24.761699676513672,23.47088050842285,23.554800033569336,0
386,2023-06-23 00:00:00+00:00,24.885099411010742,24.885099411010742,25.71809959411621,24.351119995117188,24.885099411010742,0
387,2023-06-26 00:00:00+00:00,25.317800521850586,25.317800521850586,26.039379119873047,25.195709228515625,25.317800521850586,0
388,2023-06-27 00:00:00+00:00,25.960159301757812,25.960159301757812,26.159000396728516,25.466989517211914,25.960159301757812,0
389,2023-06-28 00:00:00+00:00,25.989990234375,25.989990234375,26.18600082397461,25.918500900268555,25.989990234375,0
390,2023-06-29 00:00:00+00:00,26.055500030517578,26.055500030517578,26.064599990844727,25.985109329223633,26.055500030517578,0
391,2023-06-30 00:00:00+00:00,26.03860092163086,26.03860092163086,26.072999954223633,25.955049514770508,26.03860092163086,0
392,2023-07-03 00:00:00+00:00,25.422399520874023,25.422399520874023,26.09320068359375,25.422399520874023,25.422399520874023,0
393,2023-07-04 00:00:00+00:00,25.864200592041016,25.864200592041016,26.072879791259766,25.80970001220703,25.864200592041016,0
394,2023-07-05 00:00:00+00:00,25.978099822998047,25.978099822998047,26.12310028076172,25.81208038330078,25.978099822998047,0
395,2023-07-06 00:00:00+00:00,26.085599899291992,26.085599899291992,26.13719940185547,25.750770568847656,26.085599899291992,0
396,2023-07-07 00:00:00+00:00,26.12980079650879,26.12980079650879,26.187700271606445,26.000499725341797,26.12980079650879,0
397,2023-07-10 00:00:00+00:00,26.137800216674805,26.137800216674805,26.207300186157227,25.820999145507812,26.137800216674805,0
398,2023-07-11 00:00:00+00:00,26.037189483642578,26.037189483642578,26.162200927734375,26.017549514770508,26.037189483642578,0
399,2023-07-12 00:00:00+00:00,26.110000610351562,26.110000610351562,26.150070190429688,26.08293914794922,26.110000610351562,0
400,2023-07-13 00:00:00+00:00,26.199600219726562,26.199600219726562,26.232099533081055,26.077999114990234,26.199600219726562,0
401,2023-07-14 00:00:00+00:00,26.057199478149414,26.057199478149414,26.201019287109375,25.945499420166016,26.057199478149414,0
402,2023-07-17 00:00:00+00:00,26.25,26.25,26.3572998046875,25.899999618530273,26.25,0
403,2023-07-18 00:00:00+00:00,26.382200241088867,26.382200241088867,26.999300003051758,26.299739837646484,26.382200241088867,0
404,2023-07-19 00:00:00+00:00,26.947799682617188,26.947799682617188,27.037200927734375,26.863750457763672,26.947799682617188,0
405,2023-07-20 00:00:00+00:00,26.820499420166016,26.820499420166016,26.975299835205078,26.759899139404297,26.820499420166016,0
406,2023-07-21 00:00:00+00:00,26.850500106811523,26.850500106811523,26.94001007080078,26.72933006286621,26.850500106811523,0
407,2023-07-24 00:00:00+00:00,26.95199966430664,26.95199966430664,26.987499237060547,26.904510498046875,26.95199966430664,0
408,2023-07-25 00:00:00+00:00,26.96940040588379,26.96940040588379,27.01889991760254,26.86355972290039,26.96940040588379,0
409,2023-07-26 00:00:00+00:00,26.923500061035156,26.923500061035156,26.956199645996094,26.86634063720703,26.923500061035156,0
410,2023-07-27 00:00:00+00:00,26.895700454711914,26.895700454711914,26.964000701904297,26.861740112304688,26.895700454711914,0
411,2023-07-28 00:00:00+00:00,26.9552001953125,26.9552001953125,26.97209930419922,26.92034912109375,26.9552001953125,0
412,2023-07-31 00:00:00+00:00,26.84040069580078,26.84040069580078,26.96533966064453,26.82740020751953,26.84040069580078,0
413,2023-08-01 00:00:00+00:00,26.925979614257812,26.925979614257812,27.128000259399414,26.873720169067383,26.925979614257812,0
414,2023-08-02 00:00:00+00:00,26.973499298095703,26.973499298095703,27.090700149536133,26.74924087524414,26.973499298095703,0
415,2023-08-03 00:00:00+00:00,26.962299346923828,26.962299346923828,26.99690055847168,26.926389694213867,26.962299346923828,0
416,2023-08-04 00:00:00+00:00,26.963289260864258,26.963289260864258,27.2637996673584,26.76896095275879,26.963289260864258,0
417,2023-08-07 00:00:00+00:00,26.994300842285156,26.994300842285156,27.017799377441406,26.94268035888672,26.994300842285156,0
418,2023-08-08 00:00:00+00:00,27.005399703979492,27.005399703979492,27.03019905090332,26.945180892944336,27.005399703979492,0
419,2023-08-09 00:00:00+00:00,26.925180435180664,26.925180435180664,27.21380043029785,26.86768913269043,26.925180435180664,0
420,2023-08-10 00:00:00+00:00,26.94700050354004,26.94700050354004,27.051259994506836,26.931570053100586,26.94700050354004,0
421,2023-08-11 00:00:00+00:00,27.05120086669922,27.05120086669922,27.451900482177734,26.968399047851562,27.05120086669922,0
422,2023-08-14 00:00:00+00:00,27.112199783325195,27.112199783325195,27.219900131225586,26.730470657348633,27.112199783325195,0
423,2023-08-15 00:00:00+00:00,27.055400848388672,27.055400848388672,27.060300827026367,27.00950050354004,27.055400848388672,0
424,2023-08-16 00:00:00+00:00,27.047889709472656,27.047889709472656,27.066699981689453,27.04439926147461,27.047889709472656,0
425,2023-08-17 00:00:00+00:00,27.073659896850586,27.073659896850586,27.202299118041992,27.059370040893555,27.073659896850586,0
426,2023-08-18 00:00:00+00:00,27.125,27.125,27.162500381469727,27.017000198364258,27.125,0
427,2023-08-21 00:00:00+00:00,27.138399124145508,27.138399124145508,27.19610023498535,27.09610939025879,27.138399124145508,0
428,2023-08-22 00:00:00+00:00,27.20549964904785,27.20549964904785,27.229400634765625,27.127180099487305,27.20549964904785,0
429,2023-08-23 00:00:00+00:00,27.20490074157715,27.20490074157715,27.2189998626709,27.14150047302246,27.20490074157715,0
430,2023-08-24 00:00:00+00:00,27.19339942932129,27.19339942932129,27.24530029296875,25.289199829101562,27.19339942932129,0
431,2023-08-25 00:00:00+00:00,25.905399322509766,25.905399322509766,26.5468807220459,25.64739990234375,25.905399322509766,0
432,2023-08-28 00:00:00+00:00,26.353700637817383,26.353700637817383,26.568679809570312,26.346500396728516,26.353700637817383,0
433,2023-08-29 00:00:00+00:00,26.309499740600586,26.309499740600586,26.62809944152832,25.792400360107422,26.309499740600586,0
434,2023-08-30 00:00:00+00:00,26.54829978942871,26.54829978942871,26.752099990844727,26.367929458618164,26.54829978942871,0
435,2023-08-31 00:00:00+00:00,26.681299209594727,26.681299209594727,26.71916961669922,26.592790603637695,26.681299209594727,0
436,2023-09-01 00:00:00+00:00,26.68790054321289,26.68790054321289,26.728700637817383,26.598180770874023,26.68790054321289,0
437,2023-09-04 00:00:00+00:00,26.577299118041992,26.577299118041992,26.78019905090332,26.575300216674805,26.577299118041992,0
438,2023-09-05 00:00:00+00:00,26.77120018005371,26.77120018005371,26.804100036621094,26.325199127197266,26.77120018005371,0
439,2023-09-06 00:00:00+00:00,26.78059959411621,26.78059959411621,26.81999969482422,26.697290420532227,26.78059959411621,0
440,2023-09-07 00:00:00+00:00,26.816499710083008,26.816499710083008,26.840059280395508,26.712900161743164,26.816499710083008,0
441,2023-09-08 00:00:00+00:00,26.85810089111328,26.85810089111328,26.88990020751953,26.768360137939453,26.85810089111328,0
442,2023-09-11 00:00:00+00:00,26.665090560913086,26.665090560913086,26.883899688720703,26.637929916381836,26.665090560913086,0
443,2023-09-12 00:00:00+00:00,26.866870880126953,26.866870880126953,26.902790069580078,26.855419158935547,26.866870880126953,0
444,2023-09-13 00:00:00+00:00,26.919200897216797,26.919200897216797,26.95001983642578,26.90489959716797,26.919200897216797,0
445,2023-09-14 00:00:00+00:00,26.885499954223633,26.885499954223633,26.97507095336914,26.883499145507812,26.885499954223633,0
446,2023-09-15 00:00:00+00:00,26.944400787353516,26.944400787353516,27.062999725341797,26.870460510253906,26.944400787353516,0
447,2023-09-18 00:00:00+00:00,26.786020278930664,26.786020278930664,27.02359962463379,26.783859252929688,26.786020278930664,0
448,2023-09-19 00:00:00+00:00,26.987499237060547,26.987499237060547,27.034439086914062,26.930999755859375,26.987499237060547,0
449,2023-09-20 00:00:00+00:00,27.018299102783203,27.018299102783203,27.04010009765625,27.003589630126953,27.018299102783203,0
450,2023-09-21 00:00:00+00:00,27.02280044555664,27.02280044555664,27.119829177856445,26.94066047668457,27.02280044555664,0
451,2023-09-22 00:00:00+00:00,27.104780197143555,27.104780197143555,27.168630599975586,27.08538055419922,27.104780197143555,0
452,2023-09-25 00:00:00+00:00,27.178089141845703,27.178089141845703,27.250699996948242,27.17416000366211,27.178089141845703,0
453,2023-09-26 00:00:00+00:00,27.207380294799805,27.207380294799805,27.267330169677734,27.202499389648438,27.207380294799805,0
454,2023-09-27 00:00:00+00:00,27.34280014038086,27.34280014038086,27.387859344482422,27.241750717163086,27.34280014038086,0
455,2023-09-28 00:00:00+00:00,27.332799911499023,27.332799911499023,27.427490234375,27.3150691986084,27.332799911499023,0
456,2023-09-29 00:00:00+00:00,27.458900451660156,27.458900451660156,27.468900680541992,27.350900650024414,27.458900451660156,0
457,2023-10-02 00:00:00+00:00,27.48110008239746,27.48110008239746,27.51460075378418,27.384769439697266,27.48110008239746,0
458,2023-10-03 00:00:00+00:00,27.461999893188477,27.461999893188477,27.655500411987305,27.280189514160156,27.461999893188477,0
459,2023-10-04 00:00:00+00:00,27.527599334716797,27.527599334716797,27.571199417114258,27.396379470825195,27.527599334716797,0
460,2023-10-05 00:00:00+00:00,27.55459976196289,27.55459976196289,27.572500228881836,27.53421974182129,27.55459976196289,0
461,2023-10-06 00:00:00+00:00,27.582599639892578,27.582599639892578,27.772600173950195,27.52519989013672,27.582599639892578,0
462,2023-10-09 00:00:00+00:00,27.71269989013672,27.71269989013672,27.815200805664062,27.51852035522461,27.71269989013672,0
463,2023-10-10 00:00:00+00:00,27.71969985961914,27.71969985961914,27.76919937133789,27.649389266967773,27.71969985961914,0
464,2023-10-11 00:00:00+00:00,27.727500915527344,27.727500915527344,27.838899612426758,27.692380905151367,27.727500915527344,0
465,2023-10-12 00:00:00+00:00,27.718799591064453,27.718799591064453,27.754589080810547,27.691699981689453,27.718799591064453,0
466,2023-10-13 00:00:00+00:00,27.842300415039062,27.842300415039062,27.884899139404297,27.739450454711914,27.842300415039062,0
467,2023-10-16 00:00:00+00:00,27.706300735473633,27.706300735473633,27.88479995727539,27.50609016418457,27.706300735473633,0
468,2023-10-17 00:00:00+00:00,27.87019920349121,27.87019920349121,27.920970916748047,27.84942054748535,27.87019920349121,0
469,2023-10-18 00:00:00+00:00,27.96139907836914,27.96139907836914,28.023099899291992,27.95733070373535,27.96139907836914,0
470,2023-10-19 00:00:00+00:00,28.019559860229492,28.019559860229492,28.049699783325195,27.95639991760254,28.019559860229492,0
471,2023-10-20 00:00:00+00:00,28.02429962158203,28.02429962158203,28.085100173950195,27.936500549316406,28.02429962158203,0
472,2023-10-23 00:00:00+00:00,28.04990005493164,28.04990005493164,28.065589904785156,27.979999542236328,28.04990005493164,0
473,2023-10-24 00:00:00+00:00,28.081710815429688,28.081710815429688,28.11199951171875,28.070690155029297,28.081710815429688,0
474,2023-10-25 00:00:00+00:00,28.122499465942383,28.122499465942383,28.132200241088867,28.10540008544922,28.122499465942383,0
475,2023-10-26 00:00:00+00:00,28.1481990814209,28.1481990814209,28.168800354003906,28.11870002746582,28.1481990814209,0
476,2023-10-27 00:00:00+00:00,28.16670036315918,28.16670036315918,28.272300720214844,28.147659301757812,28.16670036315918,0
477,2023-10-30 00:00:00+00:00,28.202829360961914,28.202829360961914,28.319299697875977,28.1033992767334,28.202829360961914,0
478,2023-10-31 00:00:00+00:00,28.257369995117188,28.257369995117188,28.535499572753906,28.170860290527344,28.257369995117188,0
479,2023-11-01 00:00:00+00:00,28.302400588989258,28.302400588989258,28.331480026245117,28.28965950012207,28.302400588989258,0
480,2023-11-02 00:00:00+00:00,28.32309913635254,28.32309913635254,28.35280990600586,28.15751075744629,28.32309913635254,0
481,2023-11-03 00:00:00+00:00,28.35890007019043,28.35890007019043,28.492000579833984,28.31584930419922,28.35890007019043,0
482,2023-11-06 00:00:00+00:00,28.383150100708008,28.383150100708008,28.442440032958984,28.333959579467773,28.383150100708008,0
483,2023-11-07 00:00:00+00:00,28.447599411010742,28.447599411010742,28.507099151611328,28.44297981262207,28.447599411010742,0
484,2023-11-08 00:00:00+00:00,28.49519920349121,28.49519920349121,28.54400062561035,28.478300094604492,28.49519920349121,0
485,2023-11-09 00:00:00+00:00,28.517309188842773,28.517309188842773,28.528900146484375,28.456100463867188,28.517309188842773,0
486,2023-11-10 00:00:00+00:00,28.525800704956055,28.525800704956055,28.729000091552734,28.37027931213379,28.525800704956055,0
487,2023-11-13 00:00:00+00:00,28.513660430908203,28.513660430908203,28.59473991394043,28.478429794311523,28.513660430908203,0
488,2023-11-14 00:00:00+00:00,28.60610008239746,28.60610008239746,28.700199127197266,28.579559326171875,28.60610008239746,0
489,2023-11-15 00:00:00+00:00,28.641199111938477,28.641199111938477,28.771699905395508,28.506189346313477,28.641199111938477,0
490,2023-11-16 00:00:00+00:00,28.679689407348633,28.679689407348633,28.689619064331055,28.64900016784668,28.679689407348633,0
491,2023-11-17 00:00:00+00:00,28.701900482177734,28.701900482177734,28.941200256347656,28.5705509185791,28.701900482177734,0
492,2023-11-20 00:00:00+00:00,28.647829055786133,28.647829055786133,28.769689559936523,28.627819061279297,28.647829055786133,0
493,2023-11-21 00:00:00+00:00,28.777830123901367,28.777830123901367,28.802799224853516,28.715999603271484,28.777830123901367,0
494,2023-11-22 00:00:00+00:00,28.79397964477539,28.79397964477539,28.837600708007812,28.784990310668945,28.79397964477539,0
495,2023-11-23 00:00:00+00:00,28.83180046081543,28.83180046081543,28.864999771118164,28.722200393676758,28.83180046081543,0
496,2023-11-24 00:00:00+00:00,28.840700149536133,28.840700149536133,28.91080093383789,28.77446937561035,28.840700149536133,0
497,2023-11-27 00:00:00+00:00,28.842559814453125,28.842559814453125,28.913249969482422,28.842559814453125,28.842559814453125,0
498,2023-11-28 00:00:00+00:00,28.909400939941406,28.909400939941406,28.93470001220703,28.86199951171875,28.909400939941406,0
499,2023-11-29 00:00:00+00:00,28.91860008239746,28.91860008239746,28.953899383544922,28.883319854736328,28.91860008239746,0
500,2023-11-30 00:00:00+00:00,28.940919876098633,28.940919876098633,28.946500778198242,28.80164909362793,28.940919876098633,0
501,2023-12-01 00:00:00+00:00,28.88640022277832,28.88640022277832,28.960290908813477,28.61768913269043,28.88640022277832,0
502,2023-12-04 00:00:00+00:00,28.89620018005371,28.89620018005371,28.940629959106445,28.85378074645996,28.89620018005371,0
503,2023-12-05 00:00:00+00:00,28.917800903320312,28.917800903320312,28.946060180664062,28.883329391479492,28.917800903320312,0
504,2023-12-06 00:00:00+00:00,28.91469955444336,28.91469955444336,28.94610023498535,28.86359977722168,28.91469955444336,0
505,2023-12-07 00:00:00+00:00,28.914899826049805,28.914899826049805,28.941709518432617,28.886770248413086,28.914899826049805,0
506,2023-12-08 00:00:00+00:00,28.91069984436035,28.91069984436035,28.987489700317383,28.906139373779297,28.91069984436035,0
507,2023-12-11 00:00:00+00:00,28.876100540161133,28.876100540161133,29.00019073486328,28.868389129638672,28.876100540161133,0
508,2023-12-12 00:00:00+00:00,28.96109962463379,28.96109962463379,29.049789428710938,28.920820236206055,28.96109962463379,0
509,2023-12-13 00:00:00+00:00,29.027099609375,29.027099609375,29.062829971313477,28.981430053710938,29.027099609375,0
510,2023-12-14 00:00:00+00:00,28.99180030822754,28.99180030822754,29.048980712890625,28.94277000427246,28.99180030822754,0
511,2023-12-15 00:00:00+00:00,28.976600646972656,28.976600646972656,29.058679580688477,28.901519775390625,28.976600646972656,0
512,2023-12-18 00:00:00+00:00,28.84041976928711,28.84041976928711,29.065000534057617,28.7694091796875,28.84041976928711,0
513,2023-12-19 00:00:00+00:00,29.0386905670166,29.0386905670166,29.094440460205078,29.037580490112305,29.0386905670166,0
514,2023-12-20 00:00:00+00:00,29.088720321655273,29.088720321655273,29.134750366210938,29.08085060119629,29.088720321655273,0
515,2023-12-21 00:00:00+00:00,29.125499725341797,29.125499725341797,29.160049438476562,29.11709976196289,29.125499725341797,0
516,2023-12-22 00:00:00+00:00,29.10354995727539,29.10354995727539,29.31450080871582,28.95656967163086,29.10354995727539,0
517,2023-12-25 00:00:00+00:00,28.833330154418945,28.833330154418945,29.300100326538086,29.00670051574707,28.833330154418945,0
518,2023-12-26 00:00:00+00:00,29.311399459838867,29.311399459838867,29.38680076599121,28.865449905395508,29.311399459838867,0
519,2023-12-27 00:00:00+00:00,29.30590057373047,29.30590057373047,29.4060001373291,29.149049758911133,29.30590057373047,0
520,2023-12-28 00:00:00+00:00,29.38789939880371,29.38789939880371,29.47187042236328,29.33732032775879,29.38789939880371,0
521,2023-12-29 00:00:00+00:00,29.519800186157227,29.519800186157227,29.85890007019043,29.331209182739258,29.519800186157227,0
522,2024-01-01 00:00:00+00:00,29.018070220947266,29.018070220947266,29.467500686645508,29.467500686645508,29.018070220947266,0
523,2024-01-02 00:00:00+00:00,29.428199768066406,29.428199768066406,29.74959945678711,29.425350189208984,29.428199768066406,0
524,2024-01-03 00:00:00+00:00,29.74485969543457,29.74485969543457,29.85890007019043,29.7108097076416,29.74485969543457,0
525,2024-01-04 00:00:00+00:00,29.77907943725586,29.77907943725586,29.80069923400879,29.735729217529297,29.77907943725586,0
526,2024-01-05 00:00:00+00:00,29.840900421142578,29.840900421142578,29.877700805664062,29.82360076904297,29.840900421142578,0
527,2024-01-08 00:00:00+00:00,29.78428077697754,29.78428077697754,29.898000717163086,29.78350067138672,29.78428077697754,0
528,2024-01-09 00:00:00+00:00,29.91390037536621,29.91390037536621,29.940109252929688,29.906240463256836,29.91390037536621,0
529,2024-01-10 00:00:00+00:00,29.96179962158203,29.96179962158203,29.974000930786133,29.952199935913086,29.96179962158203,0
530,2024-01-11 00:00:00+00:00,29.85420036315918,29.85420036315918,30.008010864257812,29.81800079345703,29.85420036315918,0
531,2024-01-12 00:00:00+00:00,30.06089973449707,30.06089973449707,30.184999465942383,30.038339614868164,30.06089973449707,0
532,2024-01-15 00:00:00+00:00,30.06355094909668,30.06355094909668,30.10041046142578,30.050430297851562,30.06355094909668,0
533,2024-01-16 00:00:00+00:00,30.07284927368164,30.07284927368164,30.306299209594727,30.066829681396484,30.07284927368164,0
534,2024-01-17 00:00:00+00:00,30.118099212646484,30.118099212646484,30.137100219726562,30.093639373779297,30.118099212646484,0
535,2024-01-18 00:00:00+00:00,30.137819290161133,30.137819290161133,30.19339942932129,30.120899200439453,30.137819290161133,0
536,2024-01-19 00:00:00+00:00,30.153600692749023,30.153600692749023,30.1968994140625,30.129629135131836,30.153600692749023,0
537,2024-01-22 00:00:00+00:00,30.191360473632812,30.191360473632812,30.25830078125,30.18425941467285,30.191360473632812,0
538,2024-01-23 00:00:00+00:00,30.2587890625,30.2587890625,30.631999969482422,30.159679412841797,30.2587890625,0
539,2024-01-24 00:00:00+00:00,30.279499053955078,30.279499053955078,30.35689926147461,30.13149070739746,30.279499053955078,0
540,2024-01-25 00:00:00+00:00,30.24799919128418,30.24799919128418,30.28520965576172,30.224130630493164,30.24799919128418,0
541,2024-01-26 00:00:00+00:00,30.297300338745117,30.297300338745117,30.38680076599121,30.19700050354004,30.297300338745117,0
542,2024-01-29 00:00:00+00:00,30.324670791625977,30.324670791625977,30.35236930847168,30.20056915283203,30.324670791625977,0
543,2024-01-30 00:00:00+00:00,30.34501075744629,30.34501075744629,30.411300659179688,30.324779510498047,30.34501075744629,0
544,2024-01-31 00:00:00+00:00,30.358400344848633,30.358400344848633,30.375699996948242,30.334400177001953,30.358400344848633,0
545,2024-02-01 00:00:00+00:00,30.359800338745117,30.359800338745117,30.369609832763672,30.32360076904297,30.359800338745117,0
546,2024-02-02 00:00:00+00:00,30.44300079345703,30.44300079345703,30.463090896606445,30.43199920654297,30.44300079345703,0
547,2024-02-05 00:00:00+00:00,30.300920486450195,30.300920486450195,30.554059982299805,30.40329933166504,30.300920486450195,0
548,2024-02-06 00:00:00+00:00,30.536800384521484,30.536800384521484,30.81800079345703,30.47801971435547,30.536800384521484,0
549,2024-02-07 00:00:00+00:00,30.541120529174805,30.541120529174805,30.600109100341797,30.539579391479492,30.541120529174805,0
550,2024-02-08 00:00:00+00:00,30.59149932861328,30.59149932861328,30.609699249267578,30.55345916748047,30.59149932861328,0
551,2024-02-09 00:00:00+00:00,30.668399810791016,30.668399810791016,30.686830520629883,30.634599685668945,30.668399810791016,0
552,2024-02-12 00:00:00+00:00,30.64838981628418,30.64838981628418,30.708009719848633,30.633769989013672,30.64838981628418,0
553,2024-02-13 00:00:00+00:00,30.712900161743164,30.712900161743164,30.729930877685547,30.704599380493164,30.712900161743164,0
554,2024-02-14 00:00:00+00:00,30.722900390625,30.722900390625,30.75752067565918,30.699270248413086,30.722900390625,0
555,2024-02-15 00:00:00+00:00,30.750099182128906,30.750099182128906,30.861000061035156,30.70648956298828,30.750099182128906,0
556,2024-02-16 00:00:00+00:00,30.815000534057617,30.815000534057617,30.838369369506836,30.690000534057617,30.815000534057617,0
557,2024-02-19 00:00:00+00:00,30.80282974243164,30.80282974243164,30.877389907836914,30.795879364013672,30.80282974243164,0
558,2024-02-20 00:00:00+00:00,30.867900848388672,30.867900848388672,30.92336082458496,30.857629776000977,30.867900848388672,0
559,2024-02-21 00:00:00+00:00,30.904909133911133,30.904909133911133,31.00493049621582,30.903799057006836,30.904909133911133,0
560,2024-02-22 00:00:00+00:00,31.01650047302246,31.01650047302246,31.076099395751953,30.886859893798828,31.01650047302246,0
561,2024-02-23 00:00:00+00:00,31.07349967956543,31.07349967956543,31.091079711914062,31.0447998046875,31.07349967956543,0
562,2024-02-26 00:00:00+00:00,31.093120574951172,31.093120574951172,31.12700080871582,31.06011962890625,31.093109130859375,0
563,2024-02-27 00:00:00+00:00,31.115520477294922,31.115520477294922,31.322399139404297,31.095670700073242,31.115520477294922,0
564,2024-02-28 00:00:00+00:00,31.14579963684082,31.14579963684082,31.386699676513672,31.0816707611084,31.14579963684082,0
565,2024-02-29 00:00:00+00:00,31.208839416503906,31.208839416503906,31.280099868774414,31.19754981994629,31.208839416503906,0
566,2024-03-01 00:00:00+00:00,31.279409408569336,31.279409408569336,31.436500549316406,31.242090225219727,31.279409408569336,0
567,2024-03-04 00:00:00+00:00,31.390369415283203,31.390369415283203,31.705699920654297,31.26873016357422,31.390369415283203,0
568,2024-03-05 00:00:00+00:00,31.571300506591797,31.571300506591797,31.65951919555664,31.5391902923584,31.571300506591797,0
569,2024-03-06 00:00:00+00:00,31.688119888305664,31.688119888305664,31.77359962463379,31.67140007019043,31.688119888305664,0
570,2024-03-07 00:00:00+00:00,31.79730987548828,31.79730987548828,31.847190856933594,31.790700912475586,31.79730987548828,0
571,2024-03-08 00:00:00+00:00,31.93320083618164,31.93320083618164,31.970569610595703,31.860599517822266,31.93320083618164,0
572,2024-03-11 00:00:00+00:00,31.996360778808594,31.996360778808594,32.01258850097656,31.973600387573242,31.996360778808594,0
573,2024-03-12 00:00:00+00:00,32.03739929199219,32.03739929199219,32.06262969970703,32.035701751708984,32.03739929199219,0
574,2024-03-13 00:00:00+00:00,32.093780517578125,32.093780517578125,32.93040084838867,31.803869247436523,32.093780517578125,0
575,2024-03-14 00:00:00+00:00,32.1185302734375,32.1185302734375,32.12643814086914,32.10060119628906,32.1185302734375,0
576,2024-03-15 00:00:00+00:00,32.19306945800781,32.19306945800781,32.575801849365234,32.08517837524414,32.19306945800781,0
577,2024-03-18 00:00:00+00:00,32.28765106201172,32.28765106201172,32.31217956542969,32.276939392089844,32.28765106201172,0
578,2024-03-19 00:00:00+00:00,32.33330154418945,32.33330154418945,32.343929290771484,32.317298889160156,32.33330154418945,0
579,2024-03-20 00:00:00+00:00,32.373348236083984,32.373348236083984,32.39133071899414,32.37031936645508,32.373348236083984,0
580,2024-03-21 00:00:00+00:00,32.41749954223633,32.41749954223633,32.43960189819336,31.757320404052734,32.41749954223633,0
581,2024-03-22 00:00:00+00:00,32.15650177001953,32.15650177001953,32.199501037597656,31.91699981689453,32.15650177001953,0
582,2024-03-25 00:00:00+00:00,32.08531188964844,32.08531188964844,32.1593017578125,31.83976936340332,32.08531188964844,0
583,2024-03-26 00:00:00+00:00,32.16780090332031,32.16780090332031,32.19976043701172,32.15869903564453,32.16780090332031,0
584,2024-03-27 00:00:00+00:00,32.208499908447266,32.208499908447266,32.27490997314453,32.189998626708984,32.208499908447266,0
585,2024-03-28 00:00:00+00:00,32.29970169067383,32.29970169067383,32.353118896484375,32.28290939331055,32.29970169067383,0
586,2024-03-29 00:00:00+00:00,32.449100494384766,32.449100494384766,32.51129913330078,32.304901123046875,32.449100494384766,0
587,2024-04-01 00:00:00+00:00,32.42340087890625,32.42340087890625,32.44475173950195,31.82832908630371,32.42340087890625,0
588,2024-04-02 00:00:00+00:00,32.26240158081055,32.26240158081055,32.32899856567383,31.97052001953125,32.26240158081055,0
589,2024-04-03 00:00:00+00:00,32.052101135253906,32.052101135253906,32.07789993286133,31.91550064086914,32.052101135253906,0
590,2024-04-04 00:00:00+00:00,31.94529914855957,31.94529914855957,31.955299377441406,31.86009979248047,31.94529914855957,0
591,2024-04-05 00:00:00+00:00,31.944990158081055,31.944990158081055,32.0407600402832,31.860319137573242,31.944990158081055,0
592,2024-04-08 00:00:00+00:00,32.007598876953125,32.007598876953125,32.1976318359375,31.88482093811035,32.007598876953125,0
593,2024-04-09 00:00:00+00:00,32.15650177001953,32.15650177001953,32.29690170288086,32.08491897583008,32.15650177001953,0
594,2024-04-10 00:00:00+00:00,32.22426986694336,32.22426986694336,32.29364013671875,32.22317123413086,32.22426986694336,0
595,2024-04-11 00:00:00+00:00,32.2859992980957,32.2859992980957,32.31489944458008,32.23313903808594,32.2859992980957,0
596,2024-04-12 00:00:00+00:00,32.4182014465332,32.4182014465332,33.64849853515625,32.13251876831055,32.4182014465332,0
597,2024-04-15 00:00:00+00:00,32.39690017700195,32.39690017700195,32.42784881591797,32.26308822631836,32.39690017700195,0
598,2024-04-16 00:00:00+00:00,32.40700912475586,32.40700912475586,32.50442886352539,32.38916015625,32.40700912475586,0
599,2024-04-17 00:00:00+00:00,32.51139831542969,32.51139831542969,32.56700134277344,32.48064041137695,32.51139831542969,0
600,2024-04-18 00:00:00+00:00,32.47119903564453,32.47119903564453,32.5371208190918,32.385780334472656,32.47119903564453,0
601,2024-04-19 00:00:00+00:00,32.56330108642578,32.56330108642578,33.735801696777344,32.48181915283203,32.56330108642578,0
602,2024-04-22 00:00:00+00:00,32.60334014892578,32.60334014892578,32.62300109863281,32.47019958496094,32.603668212890625,0
603,2024-04-23 00:00:00+00:00,32.56460189819336,32.56460189819336,32.6525993347168,32.42219161987305,32.56460189819336,0
604,2024-04-24 00:00:00+00:00,32.510520935058594,32.510520935058594,32.57809829711914,32.4838981628418,32.510520935058594,0
605,2024-04-25 00:00:00+00:00,32.56671905517578,32.56671905517578,32.582698822021484,32.4556999206543,32.56671905517578,0
606,2024-04-26 00:00:00+00:00,32.535301208496094,32.535301208496094,32.596771240234375,32.4192008972168,32.535301208496094,0
607,2024-04-29 00:00:00+00:00,32.53120040893555,32.53120040893555,32.53139877319336,31.92544937133789,32.53120040893555,0
608,2024-04-30 00:00:00+00:00,32.36991882324219,32.36991882324219,32.463401794433594,32.26707077026367,32.36991882324219,0
609,2024-05-01 00:00:00+00:00,32.40330123901367,32.40330123901367,32.5343017578125,32.33673095703125,32.40330123901367,0
610,2024-05-02 00:00:00+00:00,32.27299880981445,32.27299880981445,32.42100143432617,32.23942947387695,32.27299880981445,0
611,2024-05-03 00:00:00+00:00,32.40330123901367,32.40330123901367,32.43526077270508,32.291099548339844,32.40330123901367,0
612,2024-05-06 00:00:00+00:00,32.302398681640625,32.302398681640625,32.36309814453125,32.201759338378906,32.302398681640625,0
613,2024-05-07 00:00:00+00:00,32.28260040283203,32.28260040283203,32.30699920654297,32.19736099243164,32.28260040283203,0
614,2024-05-08 00:00:00+00:00,32.25619888305664,32.25619888305664,32.350799560546875,32.23740005493164,32.25619888305664,0
615,2024-05-09 00:00:00+00:00,32.3484992980957,32.3484992980957,32.376399993896484,32.14060974121094,32.3484992980957,0
616,2024-05-10 00:00:00+00:00,32.28310012817383,32.28310012817383,32.29949951171875,32.17250061035156,32.28310012817383,0
617,2024-05-13 00:00:00+00:00,32.18122863769531,32.18122863769531,32.34859848022461,32.13132095336914,32.18122863769531,0
618,2024-05-14 00:00:00+00:00,32.25170135498047,32.25170135498047,32.29140090942383,32.197940826416016,32.25170135498047,0
619,2024-05-15 00:00:00+00:00,32.28120040893555,32.28120040893555,32.31679916381836,32.209999084472656,32.28120040893555,0
620,2024-05-16 00:00:00+00:00,32.160499572753906,32.160499572753906,32.250518798828125,32.04130172729492,32.160499572753906,0
621,2024-05-17 00:00:00+00:00,32.262901306152344,32.262901306152344,32.295310974121094,32.19710159301758,32.262901306152344,0
622,2024-05-20 00:00:00+00:00,32.232601165771484,32.232601165771484,32.2859001159668,31.950359344482422,32.232601165771484,0
623,2024-05-21 00:00:00+00:00,32.212100982666016,32.212100982666016,32.23183822631836,32.16889953613281,32.212100982666016,0
624,2024-05-22 00:00:00+00:00,32.19089889526367,32.19089889526367,32.22169876098633,32.14789962768555,32.19089889526367,0
625,2024-05-23 00:00:00+00:00,32.15095138549805,32.15095138549805,32.22850036621094,32.141578674316406,32.15095138549805,0
626,2024-05-24 00:00:00+00:00,32.22200012207031,32.22200012207031,32.2747802734375,32.196170806884766,32.22200012207031,0
627,2024-05-27 00:00:00+00:00,32.220001220703125,32.220001220703125,32.241600036621094,32.065940856933594,32.220001220703125,0
628,2024-05-28 00:00:00+00:00,32.108001708984375,32.108001708984375,32.2422981262207,31.981769561767578,32.108001708984375,0
629,2024-05-29 00:00:00+00:00,32.24089813232422,32.24089813232422,32.274959564208984,32.192848205566406,32.24089813232422,0
630,2024-05-30 00:00:00+00:00,32.260101318359375,32.260101318359375,32.351749420166016,32.19770050048828,32.260101318359375,0
631,2024-05-31 00:00:00+00:00,32.24380111694336,32.24380111694336,32.31113052368164,32.17359924316406,32.24380111694336,0
632,2024-06-03 00:00:00+00:00,32.235801696777344,32.235801696777344,32.25429916381836,32.16257095336914,32.235801696777344,0
633,2024-06-04 00:00:00+00:00,32.1786003112793,32.1786003112793,32.61948013305664,32.14738082885742,32.1786003112793,0
634,2024-06-05 00:00:00+00:00,32.6338005065918,32.6338005065918,32.66080093383789,32.27402114868164,32.6338005065918,0
635,2024-06-06 00:00:00+00:00,32.27439880371094,32.27439880371094,32.323299407958984,32.15642166137695,32.27439880371094,0
636,2024-06-07 00:00:00+00:00,32.28879928588867,32.28879928588867,32.39059829711914,32.185428619384766,32.28879928588867,0
637,2024-06-10 00:00:00+00:00,32.40610122680664,32.40610122680664,32.5369987487793,32.144248962402344,32.40610122680664,0
638,2024-06-11 00:00:00+00:00,32.3828010559082,32.3828010559082,32.41122055053711,32.32733917236328,32.3828010559082,0
639,2024-06-12 00:00:00+00:00,32.364898681640625,32.364898681640625,32.38119888305664,32.26559829711914,32.364898681640625,0
640,2024-06-13 00:00:00+00:00,32.32870101928711,32.32870101928711,32.404300689697266,32.23210144042969,32.32870101928711,0
641,2024-06-14 00:00:00+00:00,32.4901008605957,32.4901008605957,32.73426818847656,32.478721618652344,32.4901008605957,0
642,2024-06-17 00:00:00+00:00,32.65732955932617,32.65732955932617,32.86336898803711,32.624210357666016,32.65732955932617,0
643,2024-06-18 00:00:00+00:00,32.819400787353516,32.819400787353516,32.83570098876953,32.56277847290039,32.819400787353516,0
644,2024-06-19 00:00:00+00:00,32.55110168457031,32.55110168457031,32.664100646972656,32.43669891357422,32.55110168457031,0
645,2024-06-20 00:00:00+00:00,32.513301849365234,32.513301849365234,32.859458923339844,32.45045852661133,32.513301849365234,0
646,2024-06-21 00:00:00+00:00,32.829498291015625,32.829498291015625,32.878990173339844,32.77450180053711,32.829498291015625,0
647,2024-06-24 00:00:00+00:00,32.82630157470703,32.82630157470703,32.91579818725586,32.69490051269531,32.82630157470703,0
648,2024-06-25 00:00:00+00:00,32.92097091674805,32.92097091674805,33.00249099731445,32.920780181884766,32.92097091674805,0
649,2024-06-26 00:00:00+00:00,32.94459915161133,32.94459915161133,33.005001068115234,32.82284927368164,32.94459915161133,0
650,2024-06-27 00:00:00+00:00,32.8385009765625,32.8385009765625,32.9375,32.80498123168945,32.8385009765625,0
651,2024-06-28 00:00:00+00:00,32.88779830932617,32.88779830932617,33.05059814453125,32.70869064331055,32.88779830932617,0
652,2024-07-01 00:00:00+00:00,32.77050018310547,32.77050018310547,32.792999267578125,32.61085891723633,32.77050018310547,0
653,2024-07-02 00:00:00+00:00,32.64820098876953,32.64820098876953,32.73419952392578,32.540409088134766,32.64820098876953,0
654,2024-07-03 00:00:00+00:00,32.54359817504883,32.54359817504883,32.62051010131836,32.49544143676758,32.54359817504883,0
655,2024-07-04 00:00:00+00:00,32.53403854370117,32.53403854370117,32.58388137817383,32.49742889404297,32.53403854370117,0
656,2024-07-05 00:00:00+00:00,32.63800048828125,32.63800048828125,32.756019592285156,32.60491180419922,32.63800048828125,0
657,2024-07-08 00:00:00+00:00,32.674598693847656,32.674598693847656,32.73894119262695,32.60142135620117,32.674598693847656,0
658,2024-07-09 00:00:00+00:00,32.71730041503906,32.71730041503906,32.91978073120117,32.67118835449219,32.71730041503906,0
659,2024-07-10 00:00:00+00:00,32.90380096435547,32.90380096435547,33.02117919921875,32.84700012207031,32.90380096435547,0
660,2024-07-11 00:00:00+00:00,32.879798889160156,32.879798889160156,32.95989990234375,32.805999755859375,32.879798889160156,0
661,2024-07-12 00:00:00+00:00,32.94902038574219,32.94902038574219,33.07435989379883,32.94731140136719,32.94902038574219,0
662,2024-07-15 00:00:00+00:00,33.084800720214844,33.084800720214844,33.095298767089844,32.76873016357422,33.084800720214844,0
663,2024-07-16 00:00:00+00:00,33.01750183105469,33.01750183105469,33.095619201660156,32.95365905761719,33.01750183105469,0
664,2024-07-17 00:00:00+00:00,33.04050064086914,33.04050064086914,33.09653854370117,33.02252960205078,33.04050064086914,0
665,2024-07-18 00:00:00+00:00,33.07957077026367,33.07957077026367,33.1150016784668,33.050498962402344,33.07957077026367,0
666,2024-07-19 00:00:00+00:00,33.088138580322266,33.088138580322266,33.1515998840332,32.99700164794922,33.088138580322266,0
667,2024-07-22 00:00:00+00:00,32.997840881347656,32.997840881347656,33.095699310302734,32.88417053222656,32.997840881347656,0
668,2024-07-23 00:00:00+00:00,32.92620086669922,32.92620086669922,32.9600715637207,32.78419876098633,32.92620086669922,0
669,2024-07-24 00:00:00+00:00,32.84090042114258,32.84090042114258,32.87487030029297,32.8084602355957,32.84090042114258,0
670,2024-07-25 00:00:00+00:00,32.856300354003906,32.856300354003906,33.105899810791016,32.801090240478516,32.856300354003906,0
671,2024-07-26 00:00:00+00:00,33.11650085449219,33.11650085449219,33.13990020751953,32.94028854370117,33.11650085449219,0
672,2024-07-29 00:00:00+00:00,33.02399826049805,33.02399826049805,33.0463981628418,32.906089782714844,33.02399826049805,0
673,2024-07-30 00:00:00+00:00,33.05550003051758,33.05550003051758,33.09392166137695,33.033729553222656,33.05550003051758,0
674,2024-07-31 00:00:00+00:00,33.0984992980957,33.0984992980957,33.16550064086914,33.08673858642578,33.0984992980957,0
675,2024-08-01 00:00:00+00:00,33.17599868774414,33.17599868774414,33.178470611572266,33.04792022705078,33.17599868774414,0
676,2024-08-02 00:00:00+00:00,33.1593017578125,33.1593017578125,33.72380065917969,33.118160247802734,33.1593017578125,0
677,2024-08-05 00:00:00+00:00,33.24509811401367,33.24509811401367,33.41645812988281,33.203369140625,33.24509811401367,0
678,2024-08-06 00:00:00+00:00,33.39419937133789,33.39419937133789,33.61024856567383,33.26539993286133,33.39419937133789,0
679,2024-08-07 00:00:00+00:00,33.61920166015625,33.61920166015625,33.619598388671875,33.419410705566406,33.61920166015625,0
680,2024-08-08 00:00:00+00:00,33.5123291015625,33.5123291015625,33.545650482177734,33.45719909667969,33.5123291015625,0
681,2024-08-09 00:00:00+00:00,33.532649993896484,33.532649993896484,33.594200134277344,33.508201599121094,33.532649993896484,0
682,2024-08-12 00:00:00+00:00,33.523101806640625,33.523101806640625,33.58549880981445,33.49409866333008,33.523101806640625,0
683,2024-08-13 00:00:00+00:00,33.453819274902344,33.453819274902344,33.57244110107422,33.43252944946289,33.453819274902344,0
684,2024-08-14 00:00:00+00:00,33.509498596191406,33.509498596191406,33.62971878051758,33.44348907470703,33.509498596191406,0
685,2024-08-15 00:00:00+00:00,33.5921516418457,33.5921516418457,33.66550827026367,33.58414077758789,33.5921516418457,0
686,2024-08-16 00:00:00+00:00,33.638179779052734,33.638179779052734,33.712398529052734,33.65238952636719,33.638179779052734,0
687,2024-08-19 00:00:00+00:00,33.6880989074707,33.6880989074707,33.75199890136719,33.66048049926758,33.6880989074707,0
688,2024-08-20 00:00:00+00:00,33.7588005065918,33.7588005065918,33.89371109008789,33.7448616027832,33.7588005065918,0
689,2024-08-21 00:00:00+00:00,33.8985595703125,33.8985595703125,33.95610046386719,33.87590026855469,33.8985595703125,0
690,2024-08-22 00:00:00+00:00,33.92499923706055,33.92499923706055,33.95484161376953,33.885799407958984,33.92499923706055,0
691,2024-08-23 00:00:00+00:00,33.95750045776367,33.95750045776367,34.00556945800781,33.906490325927734,33.95750045776367,0
692,2024-08-26 00:00:00+00:00,34.02239990234375,34.02239990234375,34.022499084472656,33.95587158203125,34.02239990234375,0
693,2024-08-27 00:00:00+00:00,34.025299072265625,34.025299072265625,34.03464126586914,33.98332977294922,34.025299072265625,0
694,2024-08-28 00:00:00+00:00,34.01723098754883,34.01723098754883,35.66400146484375,33.97779846191406,34.01723098754883,0
695,2024-08-29 00:00:00+00:00,34.139400482177734,34.139400482177734,34.1880989074707,34.040000915527344,34.139400482177734,0
696,2024-08-30 00:00:00+00:00,34.07733917236328,34.07733917236328,34.088401794433594,34.03340148925781,34.07733917236328,0
697,2024-09-02 00:00:00+00:00,34.07080078125,34.07080078125,34.08290100097656,33.872581481933594,34.07080078125,0
698,2024-09-03 00:00:00+00:00,33.91339874267578,33.91339874267578,34.020408630371094,33.89690017700195,33.91339874267578,0
699,2024-09-04 00:00:00+00:00,33.99760055541992,33.99760055541992,34.088321685791016,33.97698974609375,33.99760055541992,0
700,2024-09-05 00:00:00+00:00,34.03670120239258,34.03670120239258,34.047698974609375,33.92770004272461,34.03670120239258,0
701,2024-09-06 00:00:00+00:00,33.98500061035156,33.98500061035156,34.05659866333008,33.929500579833984,33.98500061035156,0
702,2024-09-09 00:00:00+00:00,33.99654006958008,33.99654006958008,34.079898834228516,33.94499969482422,33.99654006958008,0
703,2024-09-10 00:00:00+00:00,34.095699310302734,34.095699310302734,34.102699279785156,34.0260009765625,34.095699310302734,0
704,2024-09-11 00:00:00+00:00,34.04439926147461,34.04439926147461,34.0817985534668,33.91231155395508,34.04439926147461,0
705,2024-09-12 00:00:00+00:00,33.99919891357422,33.99919891357422,34.00714874267578,33.898101806640625,33.99919891357422,0
706,2024-09-13 00:00:00+00:00,33.97460174560547,33.97460174560547,33.98210144042969,33.88740158081055,33.97460174560547,0
707,2024-09-16 00:00:00+00:00,33.95515823364258,33.95515823364258,34.02983093261719,33.891998291015625,33.95515823364258,0
708,2024-09-17 00:00:00+00:00,33.979469299316406,33.979469299316406,34.10784149169922,33.97249984741211,33.979469299316406,0
709,2024-09-18 00:00:00+00:00,34.06909942626953,34.06909942626953,34.11452865600586,34.016170501708984,34.06909942626953,0
710,2024-09-19 00:00:00+00:00,34.07080078125,34.07080078125,34.114898681640625,33.9827995300293,34.07080078125,0
711,2024-09-20 00:00:00+00:00,34.08000183105469,34.08000183105469,34.11737060546875,34.06296157836914,34.08000183105469,0
712,2024-09-23 00:00:00+00:00,34.05575180053711,34.05575180053711,34.15449905395508,33.990089416503906,34.05575180053711,0
713,2024-09-24 00:00:00+00:00,34.14970016479492,34.14970016479492,34.16181945800781,34.10139846801758,34.14970016479492,0
714,2024-09-25 00:00:00+00:00,34.112300872802734,34.112300872802734,34.15483093261719,34.094261169433594,34.112300872802734,0
715,2024-09-26 00:00:00+00:00,34.160709381103516,34.160709381103516,34.1715087890625,34.11429977416992,34.160709381103516,0
716,2024-09-27 00:00:00+00:00,34.17539978027344,34.17539978027344,34.19071960449219,34.13359832763672,34.17539978027344,0
717,2024-09-30 00:00:00+00:00,34.1490592956543,34.1490592956543,34.200111389160156,34.13447952270508,34.1490592956543,0
718,2024-10-01 00:00:00+00:00,34.20399856567383,34.20399856567383,34.219581604003906,34.063899993896484,34.20399856567383,0
719,2024-10-02 00:00:00+00:00,34.18619918823242,34.18619918823242,34.22893142700195,34.09743118286133,34.18619918823242,0
720,2024-10-03 00:00:00+00:00,34.23059844970703,34.23059844970703,34.24140167236328,34.13240051269531,34.23059844970703,0
721,2024-10-04 00:00:00+00:00,34.22679901123047,34.22679901123047,34.258750915527344,34.206298828125,34.22679901123047,0
722,2024-10-07 00:00:00+00:00,34.22624969482422,34.22624969482422,34.27669906616211,34.22200012207031,34.22624969482422,0
723,2024-10-08 00:00:00+00:00,34.24570846557617,34.24570846557617,34.28091049194336,34.236358642578125,34.24570846557617,0
724,2024-10-09 00:00:00+00:00,34.26350021362305,34.26350021362305,34.27534866333008,34.206600189208984,34.26350021362305,0
725,2024-10-10 00:00:00+00:00,34.25619888305664,34.25619888305664,34.27840042114258,34.16128921508789,34.25619888305664,0
726,2024-10-11 00:00:00+00:00,34.25233840942383,34.25233840942383,34.29549026489258,34.251468658447266,34.25233840942383,0
727,2024-10-14 00:00:00+00:00,34.27619934082031,34.27619934082031,34.29645919799805,34.2421989440918,34.27619934082031,0
728,2024-10-15 00:00:00+00:00,34.25215148925781,34.25215148925781,34.27033996582031,34.18722915649414,34.25215148925781,0
729,2024-10-16 00:00:00+00:00,34.19478988647461,34.19478988647461,34.24589920043945,34.16130065917969,34.19478988647461,0
730,2024-10-17 00:00:00+00:00,34.16460037231445,34.16460037231445,34.22840118408203,34.09914016723633,34.16460037231445,0
731,2024-10-18 00:00:00+00:00,34.19219970703125,34.19219970703125,34.2947998046875,34.15354919433594,34.19219970703125,0
732,2024-10-21 00:00:00+00:00,34.276100158691406,34.276100158691406,34.283199310302734,34.215599060058594,34.276100158691406,0
733,2024-10-22 00:00:00+00:00,34.24570083618164,34.24570083618164,34.26049041748047,34.188358306884766,34.24570083618164,0
734,2024-10-23 00:00:00+00:00,34.25310134887695,34.25310134887695,34.298458099365234,34.22193908691406,34.25310134887695,0
735,2024-10-24 00:00:00+00:00,34.26839828491211,34.26839828491211,34.28409957885742,34.20759963989258,34.26839828491211,0
736,2024-10-25 00:00:00+00:00,34.28770065307617,34.28770065307617,34.298561096191406,34.23749923706055,34.28770065307617,0
737,2024-10-28 00:00:00+00:00,34.28334045410156,34.28334045410156,34.30659866333008,34.25659942626953,34.28334045410156,0
738,2024-10-29 00:00:00+00:00,34.28770065307617,34.28770065307617,34.296749114990234,34.24470138549805,34.28770065307617,0
739,2024-10-30 00:00:00+00:00,34.27479934692383,34.27479934692383,34.29838943481445,34.09001922607422,34.27479934692383,0
740,2024-10-31 00:00:00+00:00,34.283199310302734,34.283199310302734,34.28813171386719,34.219600677490234,34.283199310302734,0
